user_id,registration_date,first_sub_date
u_000000,2024-04-01,
u_000001,2024-04-01,2024-04-04
u_000002,2024-04-01,2024-04-04
u_000003,2024-04-01,2024-04-03
u_000004,2024-04-01,
u_000005,2024-04-01,
u_000006,2024-04-02,2024-04-11
u_000007,2024-04-02,2024-04-19
u_000008,2024-04-02,
u_000009,2024-04-02,2024-04-02
u_000010,2024-04-02,
u_000011,2024-04-02,2024-04-29
u_000012,2024-04-02,
u_000013,2024-04-02,
u_000014,2024-04-03,2024-04-05
u_000015,2024-04-03,
u_000016,2024-04-03,2024-04-25
u_000017,2024-04-03,2024-04-06
u_000018,2024-04-04,2024-04-05
u_000019,2024-04-04,2024-04-05
u_000020,2024-04-04,
u_000021,2024-04-04,2024-04-28
u_000022,2024-04-05,2024-04-07
u_000023,2024-04-05,
u_000024,2024-04-05,2024-04-11
u_000025,2024-04-05,2024-04-10
u_000026,2024-04-05,2024-04-05
u_000027,2024-04-05,
u_000028,2024-04-06,2024-04-07
u_000029,2024-04-06,
u_000030,2024-04-07,2024-04-11
u_000031,2024-04-07,
u_000032,2024-04-07,
u_000033,2024-04-07,2024-04-10
u_000034,2024-04-08,
u_000035,2024-04-09,2024-04-13
u_000036,2024-04-09,2024-04-12
u_000037,2024-04-09,2024-04-16
u_000038,2024-04-09,
u_000039,2024-04-09,
u_000040,2024-04-09,2024-04-11
u_000041,2024-04-10,
u_000042,2024-04-10,2024-04-15
u_000043,2024-04-10,
u_000044,2024-04-10,
u_000045,2024-04-11,2024-04-23
u_000046,2024-04-11,
u_000047,2024-04-11,2024-04-20
u_000048,2024-04-11,
u_000049,2024-04-11,
u_000050,2024-04-12,
u_000051,2024-04-12,
u_000052,2024-04-12,2024-04-15
u_000053,2024-04-12,2024-04-12
u_000054,2024-04-13,
u_000055,2024-04-13,
u_000056,2024-04-13,2024-04-13
u_000057,2024-04-14,2024-04-21
u_000058,2024-04-14,2024-04-17
u_000059,2024-04-14,
u_000060,2024-04-14,2024-04-21
u_000061,2024-04-14,2024-04-15
u_000062,2024-04-14,
u_000063,2024-04-14,
u_000064,2024-04-15,
u_000065,2024-04-15,
u_000066,2024-04-15,2024-04-21
u_000067,2024-04-15,2024-04-17
u_000068,2024-04-16,
u_000069,2024-04-16,2024-04-19
u_000070,2024-04-16,
u_000071,2024-04-16,2024-04-21
u_000072,2024-04-17,
u_000073,2024-04-17,
u_000074,2024-04-17,
u_000075,2024-04-18,2024-05-07
u_000076,2024-04-18,
u_000077,2024-04-18,
u_000078,2024-04-18,2024-04-22
u_000079,2024-04-18,
u_000080,2024-04-18,2024-05-02
u_000081,2024-04-19,
u_000082,2024-04-19,
u_000083,2024-04-19,2024-04-26
u_000084,2024-04-19,
u_000085,2024-04-20,
u_000086,2024-04-20,2024-04-26
u_000087,2024-04-20,2024-04-21
u_000088,2024-04-20,
u_000089,2024-04-21,2024-04-23
u_000090,2024-04-21,
u_000091,2024-04-21,2024-04-23
u_000092,2024-04-21,
u_000093,2024-04-21,
u_000094,2024-04-21,
u_000095,2024-04-21,2024-04-21
u_000096,2024-04-22,2024-04-22
u_000097,2024-04-22,
u_000098,2024-04-22,
u_000099,2024-04-23,2024-05-07
u_000100,2024-04-23,2024-05-07
u_000101,2024-04-23,
u_000102,2024-04-23,2024-05-03
u_000103,2024-04-23,
u_000104,2024-04-23,2024-04-28
u_000105,2024-04-24,
u_000106,2024-04-24,2024-05-03
u_000107,2024-04-24,
u_000108,2024-04-24,
u_000109,2024-04-24,
u_000110,2024-04-25,
u_000111,2024-04-25,
u_000112,2024-04-25,
u_000113,2024-04-25,
u_000114,2024-04-25,
u_000115,2024-04-26,
u_000116,2024-04-26,2024-04-27
u_000117,2024-04-26,
u_000118,2024-04-26,
u_000119,2024-04-28,
u_000120,2024-04-28,2024-05-05
u_000121,2024-04-28,2024-04-29
u_000122,2024-04-28,
u_000123,2024-04-28,
u_000124,2024-04-28,
u_000125,2024-04-28,
u_000126,2024-04-28,
u_000127,2024-04-29,
u_000128,2024-04-30,
u_000129,2024-04-30,2024-05-28
u_000130,2024-04-30,2024-05-01
u_000131,2024-04-30,2024-05-19
u_000132,2024-04-30,2024-05-06
u_000133,2024-05-01,
u_000134,2024-05-01,2024-05-14
u_000135,2024-05-01,
u_000136,2024-05-01,
u_000137,2024-05-02,
u_000138,2024-05-02,
u_000139,2024-05-02,
u_000140,2024-05-03,
u_000141,2024-05-03,2024-05-06
u_000142,2024-05-03,
u_000143,2024-05-03,
u_000144,2024-05-04,
u_000145,2024-05-04,
u_000146,2024-05-04,2024-05-14
u_000147,2024-05-04,
u_000148,2024-05-04,
u_000149,2024-05-05,
u_000150,2024-05-05,2024-05-13
u_000151,2024-05-05,
u_000152,2024-05-05,2024-05-07
u_000153,2024-05-06,
u_000154,2024-05-06,
u_000155,2024-05-06,2024-05-07
u_000156,2024-05-06,2024-05-21
u_000157,2024-05-06,
u_000158,2024-05-07,
u_000159,2024-05-07,2024-05-08
u_000160,2024-05-08,
u_000161,2024-05-08,2024-06-01
u_000162,2024-05-09,2024-05-12
u_000163,2024-05-09,
u_000164,2024-05-09,
u_000165,2024-05-09,
u_000166,2024-05-09,
u_000167,2024-05-10,2024-05-10
u_000168,2024-05-11,
u_000169,2024-05-12,
u_000170,2024-05-12,
u_000171,2024-05-13,
u_000172,2024-05-13,
u_000173,2024-05-13,2024-05-19
u_000174,2024-05-13,2024-05-30
u_000175,2024-05-13,
u_000176,2024-05-13,2024-05-13
u_000177,2024-05-14,2024-05-21
u_000178,2024-05-14,
u_000179,2024-05-15,2024-05-17
u_000180,2024-05-15,
u_000181,2024-05-15,
u_000182,2024-05-15,
u_000183,2024-05-16,2024-05-17
u_000184,2024-05-16,2024-06-01
u_000185,2024-05-16,2024-05-28
u_000186,2024-05-16,
u_000187,2024-05-16,
u_000188,2024-05-16,
u_000189,2024-05-17,
u_000190,2024-05-17,2024-05-20
u_000191,2024-05-17,2024-05-23
u_000192,2024-05-18,
u_000193,2024-05-18,
u_000194,2024-05-18,
u_000195,2024-05-19,2024-05-19
u_000196,2024-05-19,
u_000197,2024-05-19,
u_000198,2024-05-20,2024-06-03
u_000199,2024-05-20,
u_000200,2024-05-20,
u_000201,2024-05-20,
u_000202,2024-05-21,2024-05-22
u_000203,2024-05-21,
u_000204,2024-05-21,2024-05-31
u_000205,2024-05-22,
u_000206,2024-05-22,
u_000207,2024-05-22,2024-05-22
u_000208,2024-05-22,
u_000209,2024-05-22,2024-06-05
u_000210,2024-05-22,
u_000211,2024-05-23,2024-06-02
u_000212,2024-05-23,2024-05-24
u_000213,2024-05-23,
u_000214,2024-05-23,
u_000215,2024-05-24,2024-06-11
u_000216,2024-05-24,2024-05-25
u_000217,2024-05-24,
u_000218,2024-05-25,2024-06-16
u_000219,2024-05-25,2024-06-14
u_000220,2024-05-25,
u_000221,2024-05-25,2024-05-30
u_000222,2024-05-25,2024-06-03
u_000223,2024-05-25,
u_000224,2024-05-26,
u_000225,2024-05-26,2024-07-03
u_000226,2024-05-26,
u_000227,2024-05-26,2024-05-30
u_000228,2024-05-26,2024-06-05
u_000229,2024-05-27,2024-06-01
u_000230,2024-05-27,
u_000231,2024-05-27,
u_000232,2024-05-28,
u_000233,2024-05-28,2024-06-02
u_000234,2024-05-29,2024-06-07
u_000235,2024-05-29,
u_000236,2024-05-29,2024-06-02
u_000237,2024-05-29,2024-05-30
u_000238,2024-05-29,
u_000239,2024-05-29,
u_000240,2024-05-30,2024-06-05
u_000241,2024-05-30,2024-05-30
u_000242,2024-05-30,
u_000243,2024-05-31,2024-05-31
u_000244,2024-05-31,
u_000245,2024-05-31,2024-06-02
u_000246,2024-05-31,
u_000247,2024-06-01,
u_000248,2024-06-01,2024-06-05
u_000249,2024-06-02,2024-06-10
u_000250,2024-06-02,2024-06-04
u_000251,2024-06-02,
u_000252,2024-06-02,2024-06-04
u_000253,2024-06-03,
u_000254,2024-06-04,
u_000255,2024-06-04,
u_000256,2024-06-04,
u_000257,2024-06-04,
u_000258,2024-06-04,2024-06-12
u_000259,2024-06-05,
u_000260,2024-06-05,
u_000261,2024-06-05,
u_000262,2024-06-06,
u_000263,2024-06-06,2024-06-24
u_000264,2024-06-06,2024-06-11
u_000265,2024-06-07,2024-07-14
u_000266,2024-06-07,2024-06-25
u_000267,2024-06-07,2024-06-11
u_000268,2024-06-07,2024-06-10
u_000269,2024-06-07,
u_000270,2024-06-07,2024-06-14
u_000271,2024-06-07,2024-06-08
u_000272,2024-06-07,
u_000273,2024-06-08,
u_000274,2024-06-08,
u_000275,2024-06-08,
u_000276,2024-06-09,
u_000277,2024-06-09,
u_000278,2024-06-09,
u_000279,2024-06-09,
u_000280,2024-06-10,2024-06-10
u_000281,2024-06-10,
u_000282,2024-06-11,
u_000283,2024-06-11,2024-06-12
u_000284,2024-06-12,
u_000285,2024-06-13,2024-06-17
u_000286,2024-06-13,2024-06-15
u_000287,2024-06-13,2024-06-30
u_000288,2024-06-13,
u_000289,2024-06-13,
u_000290,2024-06-13,2024-06-22
u_000291,2024-06-14,
u_000292,2024-06-14,
u_000293,2024-06-14,
u_000294,2024-06-15,
u_000295,2024-06-16,
u_000296,2024-06-16,2024-06-16
u_000297,2024-06-16,2024-06-16
u_000298,2024-06-16,
u_000299,2024-06-17,
u_000300,2024-06-17,
u_000301,2024-06-17,2024-06-28
u_000302,2024-06-18,
u_000303,2024-06-18,
u_000304,2024-06-19,2024-06-22
u_000305,2024-06-19,
u_000306,2024-06-19,
u_000307,2024-06-19,2024-06-25
u_000308,2024-06-19,2024-06-24
u_000309,2024-06-19,2024-07-05
u_000310,2024-06-20,
u_000311,2024-06-21,2024-06-21
u_000312,2024-06-21,2024-06-21
u_000313,2024-06-21,
u_000314,2024-06-21,
u_000315,2024-06-21,2024-07-08
u_000316,2024-06-22,
u_000317,2024-06-22,2024-06-24
u_000318,2024-06-22,
u_000319,2024-06-22,2024-06-22
u_000320,2024-06-22,
u_000321,2024-06-22,2024-06-23
u_000322,2024-06-22,2024-06-28
u_000323,2024-06-22,
u_000324,2024-06-23,2024-06-23
u_000325,2024-06-24,2024-06-27
u_000326,2024-06-24,2024-06-25
u_000327,2024-06-24,2024-06-25
u_000328,2024-06-24,2024-06-30
u_000329,2024-06-24,
u_000330,2024-06-24,2024-07-04
u_000331,2024-06-24,2024-06-27
u_000332,2024-06-25,
u_000333,2024-06-25,
u_000334,2024-06-26,
u_000335,2024-06-26,
u_000336,2024-06-26,2024-06-27
u_000337,2024-06-27,
u_000338,2024-06-27,2024-07-09
u_000339,2024-06-27,
u_000340,2024-06-27,
u_000341,2024-06-27,2024-06-28
u_000342,2024-06-27,2024-07-02
u_000343,2024-06-27,2024-07-05
u_000344,2024-06-27,2024-06-27
u_000345,2024-06-28,2024-07-04
u_000346,2024-06-28,2024-06-28
u_000347,2024-06-28,
u_000348,2024-06-28,2024-07-02
u_000349,2024-06-28,
u_000350,2024-06-28,2024-07-09
u_000351,2024-06-29,2024-06-29
u_000352,2024-06-29,
u_000353,2024-06-29,2024-06-29
u_000354,2024-06-29,
u_000355,2024-06-29,2024-07-06
u_000356,2024-06-29,
u_000357,2024-06-29,2024-07-03
u_000358,2024-06-30,
u_000359,2024-07-01,2024-07-03
u_000360,2024-07-01,
u_000361,2024-07-01,
u_000362,2024-07-01,2024-07-03
u_000363,2024-07-01,
u_000364,2024-07-02,
u_000365,2024-07-02,2024-07-09
u_000366,2024-07-02,
u_000367,2024-07-02,
u_000368,2024-07-03,
u_000369,2024-07-03,2024-07-09
u_000370,2024-07-04,2024-07-22
u_000371,2024-07-04,2024-07-04
u_000372,2024-07-04,2024-07-05
u_000373,2024-07-05,
u_000374,2024-07-05,
u_000375,2024-07-05,
u_000376,2024-07-05,
u_000377,2024-07-05,
u_000378,2024-07-05,
u_000379,2024-07-05,2024-07-10
u_000380,2024-07-05,
u_000381,2024-07-05,
u_000382,2024-07-05,
u_000383,2024-07-06,
u_000384,2024-07-07,
u_000385,2024-07-07,
u_000386,2024-07-07,2024-07-07
u_000387,2024-07-08,2024-07-28
u_000388,2024-07-08,
u_000389,2024-07-08,
u_000390,2024-07-08,2024-07-08
u_000391,2024-07-08,
u_000392,2024-07-08,2024-07-09
u_000393,2024-07-09,
u_000394,2024-07-09,
u_000395,2024-07-09,
u_000396,2024-07-09,2024-07-09
u_000397,2024-07-09,
u_000398,2024-07-09,2024-08-02
u_000399,2024-07-10,
u_000400,2024-07-11,2024-07-31
u_000401,2024-07-12,
u_000402,2024-07-12,2024-07-21
u_000403,2024-07-12,
u_000404,2024-07-12,2024-07-16
u_000405,2024-07-12,
u_000406,2024-07-12,2024-07-14
u_000407,2024-07-13,2024-08-09
u_000408,2024-07-13,2024-07-14
u_000409,2024-07-13,
u_000410,2024-07-13,
u_000411,2024-07-13,
u_000412,2024-07-13,
u_000413,2024-07-13,2024-07-20
u_000414,2024-07-13,2024-07-13
u_000415,2024-07-14,2024-07-16
u_000416,2024-07-14,
u_000417,2024-07-14,
u_000418,2024-07-14,
u_000419,2024-07-14,
u_000420,2024-07-15,
u_000421,2024-07-15,
u_000422,2024-07-15,
u_000423,2024-07-15,2024-07-18
u_000424,2024-07-16,2024-07-16
u_000425,2024-07-16,
u_000426,2024-07-17,2024-07-19
u_000427,2024-07-17,
u_000428,2024-07-18,
u_000429,2024-07-18,
u_000430,2024-07-18,
u_000431,2024-07-18,
u_000432,2024-07-18,
u_000433,2024-07-18,
u_000434,2024-07-19,2024-07-22
u_000435,2024-07-19,2024-07-23
u_000436,2024-07-19,2024-07-22
u_000437,2024-07-19,2024-07-19
u_000438,2024-07-20,
u_000439,2024-07-20,2024-07-20
u_000440,2024-07-21,
u_000441,2024-07-21,2024-07-21
u_000442,2024-07-21,
u_000443,2024-07-22,
u_000444,2024-07-22,2024-08-12
u_000445,2024-07-22,2024-08-08
u_000446,2024-07-23,
u_000447,2024-07-23,2024-08-13
u_000448,2024-07-24,
u_000449,2024-07-24,2024-07-26
u_000450,2024-07-24,2024-07-24
u_000451,2024-07-24,2024-08-06
u_000452,2024-07-24,
u_000453,2024-07-25,
u_000454,2024-07-25,2024-07-25
u_000455,2024-07-25,
u_000456,2024-07-25,
u_000457,2024-07-25,
u_000458,2024-07-26,
u_000459,2024-07-26,2024-07-31
u_000460,2024-07-26,
u_000461,2024-07-27,
u_000462,2024-07-27,2024-08-03
u_000463,2024-07-27,2024-08-17
u_000464,2024-07-27,2024-08-02
u_000465,2024-07-27,
u_000466,2024-07-28,2024-07-30
u_000467,2024-07-28,
u_000468,2024-07-28,2024-08-03
u_000469,2024-07-28,
u_000470,2024-07-28,2024-08-07
u_000471,2024-07-28,
u_000472,2024-07-28,2024-07-29
u_000473,2024-07-29,
u_000474,2024-07-29,2024-08-03
u_000475,2024-07-29,2024-07-31
u_000476,2024-07-29,2024-07-30
u_000477,2024-07-30,2024-08-06
u_000478,2024-07-30,2024-08-04
u_000479,2024-07-30,
u_000480,2024-07-30,2024-08-10
u_000481,2024-07-31,2024-08-08
u_000482,2024-07-31,2024-08-02
u_000483,2024-07-31,2024-08-03
u_000484,2024-07-31,
u_000485,2024-08-01,
u_000486,2024-08-01,
u_000487,2024-08-02,
u_000488,2024-08-02,
u_000489,2024-08-03,
u_000490,2024-08-03,
u_000491,2024-08-03,
u_000492,2024-08-03,
u_000493,2024-08-04,2024-08-27
u_000494,2024-08-04,
u_000495,2024-08-04,2024-08-06
u_000496,2024-08-05,
u_000497,2024-08-05,2024-08-14
u_000498,2024-08-05,
u_000499,2024-08-05,
u_000500,2024-08-06,
u_000501,2024-08-07,
u_000502,2024-08-07,2024-08-22
u_000503,2024-08-07,
u_000504,2024-08-07,
u_000505,2024-08-07,
u_000506,2024-08-08,2024-08-09
u_000507,2024-08-09,2024-08-13
u_000508,2024-08-10,2024-08-13
u_000509,2024-08-10,
u_000510,2024-08-10,
u_000511,2024-08-11,
u_000512,2024-08-11,
u_000513,2024-08-11,
u_000514,2024-08-11,
u_000515,2024-08-11,2024-08-18
u_000516,2024-08-13,
u_000517,2024-08-14,
u_000518,2024-08-14,
u_000519,2024-08-14,2024-08-20
u_000520,2024-08-14,2024-08-26
u_000521,2024-08-14,2024-08-14
u_000522,2024-08-15,
u_000523,2024-08-15,
u_000524,2024-08-15,
u_000525,2024-08-16,
u_000526,2024-08-16,
u_000527,2024-08-17,2024-08-31
u_000528,2024-08-18,2024-08-21
u_000529,2024-08-18,
u_000530,2024-08-18,
u_000531,2024-08-19,2024-08-22
u_000532,2024-08-20,2024-08-22
u_000533,2024-08-20,
u_000534,2024-08-22,
u_000535,2024-08-22,
u_000536,2024-08-23,2024-08-26
u_000537,2024-08-23,
u_000538,2024-08-27,
u_000539,2024-08-27,
u_000540,2024-08-27,
u_000541,2024-08-27,2024-08-28
u_000542,2024-08-28,2024-09-17
u_000543,2024-08-28,2024-08-28
u_000544,2024-08-28,2024-08-31
u_000545,2024-08-28,
u_000546,2024-08-28,2024-09-01
u_000547,2024-08-29,
u_000548,2024-08-29,2024-08-29
u_000549,2024-08-29,
u_000550,2024-08-30,
u_000551,2024-08-30,
u_000552,2024-08-30,2024-08-31
u_000553,2024-08-30,2024-09-22
u_000554,2024-08-31,2024-09-15
u_000555,2024-09-01,2024-09-12
u_000556,2024-09-01,2024-09-13
u_000557,2024-09-01,
u_000558,2024-09-01,
u_000559,2024-09-01,
u_000560,2024-09-01,2024-09-05
u_000561,2024-09-02,
u_000562,2024-09-02,2024-09-05
u_000563,2024-09-02,2024-09-05
u_000564,2024-09-03,2024-09-05
u_000565,2024-09-03,2024-09-06
u_000566,2024-09-04,
u_000567,2024-09-04,2024-09-07
u_000568,2024-09-04,2024-09-16
u_000569,2024-09-05,2024-09-15
u_000570,2024-09-05,
u_000571,2024-09-05,2024-09-08
u_000572,2024-09-06,
u_000573,2024-09-06,
u_000574,2024-09-06,2024-09-08
u_000575,2024-09-06,2024-09-17
u_000576,2024-09-06,2024-09-18
u_000577,2024-09-07,
u_000578,2024-09-07,2024-09-12
u_000579,2024-09-07,
u_000580,2024-09-07,2024-09-12
u_000581,2024-09-07,
u_000582,2024-09-07,
u_000583,2024-09-08,
u_000584,2024-09-08,2024-09-09
u_000585,2024-09-08,
u_000586,2024-09-08,
u_000587,2024-09-08,2024-09-08
u_000588,2024-09-08,
u_000589,2024-09-08,2024-09-26
u_000590,2024-09-09,2024-09-11
u_000591,2024-09-10,2024-09-16
u_000592,2024-09-10,
u_000593,2024-09-10,
u_000594,2024-09-10,2024-09-17
u_000595,2024-09-10,2024-09-10
u_000596,2024-09-11,2024-10-05
u_000597,2024-09-11,
u_000598,2024-09-11,
u_000599,2024-09-12,2024-09-13
u_000600,2024-09-12,
u_000601,2024-09-12,
u_000602,2024-09-12,
u_000603,2024-09-13,
u_000604,2024-09-13,2024-09-26
u_000605,2024-09-13,
u_000606,2024-09-13,2024-09-19
u_000607,2024-09-14,
u_000608,2024-09-14,
u_000609,2024-09-14,
u_000610,2024-09-14,
u_000611,2024-09-15,2024-09-16
u_000612,2024-09-15,
u_000613,2024-09-15,
u_000614,2024-09-15,2024-10-04
u_000615,2024-09-15,2024-10-04
u_000616,2024-09-15,2024-10-04
u_000617,2024-09-16,2024-09-28
u_000618,2024-09-16,
u_000619,2024-09-16,
u_000620,2024-09-16,
u_000621,2024-09-16,2024-09-27
u_000622,2024-09-17,2024-09-17
u_000623,2024-09-18,
u_000624,2024-09-18,2024-09-22
u_000625,2024-09-18,
u_000626,2024-09-18,2024-09-18
u_000627,2024-09-18,2024-09-20
u_000628,2024-09-19,2024-10-02
u_000629,2024-09-20,
u_000630,2024-09-20,2024-09-22
u_000631,2024-09-20,
u_000632,2024-09-20,
u_000633,2024-09-21,2024-10-03
u_000634,2024-09-21,2024-10-14
u_000635,2024-09-21,2024-09-23
u_000636,2024-09-21,2024-10-02
u_000637,2024-09-22,
u_000638,2024-09-22,2024-10-15
u_000639,2024-09-22,2024-10-14
u_000640,2024-09-22,
u_000641,2024-09-22,
u_000642,2024-09-23,
u_000643,2024-09-23,2024-10-06
u_000644,2024-09-23,2024-09-27
u_000645,2024-09-24,
u_000646,2024-09-24,2024-10-09
u_000647,2024-09-24,2024-10-11
u_000648,2024-09-24,2024-11-08
u_000649,2024-09-25,2024-09-25
u_000650,2024-09-25,
u_000651,2024-09-25,2024-09-25
u_000652,2024-09-25,2024-09-26
u_000653,2024-09-25,2024-09-25
u_000654,2024-09-25,2024-09-28
u_000655,2024-09-25,2024-09-28
u_000656,2024-09-25,
u_000657,2024-09-25,
u_000658,2024-09-25,
u_000659,2024-09-26,
u_000660,2024-09-26,2024-10-05
u_000661,2024-09-26,
u_000662,2024-09-27,2024-10-02
u_000663,2024-09-27,2024-09-29
u_000664,2024-09-27,
u_000665,2024-09-27,
u_000666,2024-09-28,
u_000667,2024-09-28,
u_000668,2024-09-28,2024-10-01
u_000669,2024-09-28,
u_000670,2024-09-28,
u_000671,2024-09-28,2024-10-13
u_000672,2024-09-28,
u_000673,2024-09-29,
u_000674,2024-09-29,
u_000675,2024-09-30,
u_000676,2024-09-30,2024-10-04
u_000677,2024-09-30,
u_000678,2024-10-01,
u_000679,2024-10-01,
u_000680,2024-10-01,
u_000681,2024-10-01,2024-10-06
u_000682,2024-10-01,2024-10-01
u_000683,2024-10-01,
u_000684,2024-10-02,2024-10-06
u_000685,2024-10-02,
u_000686,2024-10-02,
u_000687,2024-10-02,
u_000688,2024-10-02,
u_000689,2024-10-03,
u_000690,2024-10-04,2024-10-12
u_000691,2024-10-04,2024-10-05
u_000692,2024-10-04,
u_000693,2024-10-04,2024-10-16
u_000694,2024-10-05,
u_000695,2024-10-05,
u_000696,2024-10-05,
u_000697,2024-10-05,
u_000698,2024-10-06,2024-10-20
u_000699,2024-10-06,
u_000700,2024-10-06,
u_000701,2024-10-06,
u_000702,2024-10-06,2024-10-14
u_000703,2024-10-07,
u_000704,2024-10-07,2024-10-08
u_000705,2024-10-07,2024-10-10
u_000706,2024-10-07,
u_000707,2024-10-08,
u_000708,2024-10-08,
u_000709,2024-10-08,2024-10-11
u_000710,2024-10-08,2024-10-19
u_000711,2024-10-08,2024-10-10
u_000712,2024-10-09,
u_000713,2024-10-09,
u_000714,2024-10-09,2024-10-09
u_000715,2024-10-09,2024-10-21
u_000716,2024-10-10,
u_000717,2024-10-10,
u_000718,2024-10-10,
u_000719,2024-10-10,
u_000720,2024-10-10,
u_000721,2024-10-10,
u_000722,2024-10-10,
u_000723,2024-10-10,2024-10-16
u_000724,2024-10-11,
u_000725,2024-10-11,2024-10-15
u_000726,2024-10-11,2024-10-11
u_000727,2024-10-11,2024-10-22
u_000728,2024-10-12,2024-10-19
u_000729,2024-10-12,
u_000730,2024-10-13,
u_000731,2024-10-13,2024-10-17
u_000732,2024-10-13,
u_000733,2024-10-13,
u_000734,2024-10-14,2024-10-15
u_000735,2024-10-14,2024-10-21
u_000736,2024-10-14,
u_000737,2024-10-14,
u_000738,2024-10-14,
u_000739,2024-10-16,
u_000740,2024-10-16,
u_000741,2024-10-17,
u_000742,2024-10-17,
u_000743,2024-10-17,
u_000744,2024-10-17,
u_000745,2024-10-17,
u_000746,2024-10-17,
u_000747,2024-10-18,
u_000748,2024-10-18,2024-11-11
u_000749,2024-10-18,
u_000750,2024-10-19,
u_000751,2024-10-19,
u_000752,2024-10-19,
u_000753,2024-10-19,
u_000754,2024-10-19,2024-10-19
u_000755,2024-10-19,
u_000756,2024-10-19,2024-10-27
u_000757,2024-10-20,
u_000758,2024-10-20,
u_000759,2024-10-20,
u_000760,2024-10-21,2024-10-25
u_000761,2024-10-21,
u_000762,2024-10-21,
u_000763,2024-10-22,2024-10-22
u_000764,2024-10-22,
u_000765,2024-10-22,
u_000766,2024-10-22,2024-10-26
u_000767,2024-10-22,
u_000768,2024-10-23,
u_000769,2024-10-23,
u_000770,2024-10-23,2024-10-23
u_000771,2024-10-23,
u_000772,2024-10-24,2024-11-15
u_000773,2024-10-24,
u_000774,2024-10-24,
u_000775,2024-10-24,
u_000776,2024-10-24,
u_000777,2024-10-24,2024-11-01
u_000778,2024-10-25,
u_000779,2024-10-25,
u_000780,2024-10-26,
u_000781,2024-10-26,
u_000782,2024-10-26,
u_000783,2024-10-26,
u_000784,2024-10-27,
u_000785,2024-10-27,
u_000786,2024-10-27,
u_000787,2024-10-27,2024-10-31
u_000788,2024-10-27,2024-10-27
u_000789,2024-10-27,
u_000790,2024-10-27,
u_000791,2024-10-28,
u_000792,2024-10-28,
u_000793,2024-10-28,
u_000794,2024-10-28,
u_000795,2024-10-29,
u_000796,2024-10-29,
u_000797,2024-10-29,2024-10-29
u_000798,2024-10-29,
u_000799,2024-10-30,
u_000800,2024-10-30,
u_000801,2024-10-30,
u_000802,2024-10-30,2024-11-01
u_000803,2024-10-30,2024-11-15
u_000804,2024-10-30,
u_000805,2024-10-31,2024-11-05
u_000806,2024-10-31,
u_000807,2024-11-01,2024-11-17
u_000808,2024-11-01,
u_000809,2024-11-01,
u_000810,2024-11-02,2024-11-10
u_000811,2024-11-02,2024-11-04
u_000812,2024-11-02,
u_000813,2024-11-02,
u_000814,2024-11-02,
u_000815,2024-11-02,2024-11-04
u_000816,2024-11-03,
u_000817,2024-11-03,
u_000818,2024-11-03,2024-11-05
u_000819,2024-11-04,2024-11-07
u_000820,2024-11-04,2024-11-17
u_000821,2024-11-04,
u_000822,2024-11-05,
u_000823,2024-11-05,2024-11-06
u_000824,2024-11-05,2024-11-18
u_000825,2024-11-05,
u_000826,2024-11-05,
u_000827,2024-11-05,
u_000828,2024-11-06,
u_000829,2024-11-06,2024-11-08
u_000830,2024-11-06,2024-11-13
u_000831,2024-11-07,
u_000832,2024-11-08,2024-11-09
u_000833,2024-11-08,
u_000834,2024-11-08,
u_000835,2024-11-09,
u_000836,2024-11-09,2024-11-15
u_000837,2024-11-09,2024-11-12
u_000838,2024-11-09,
u_000839,2024-11-09,
u_000840,2024-11-09,2024-11-10
u_000841,2024-11-09,
u_000842,2024-11-10,
u_000843,2024-11-10,2024-11-13
u_000844,2024-11-10,
u_000845,2024-11-10,2024-11-11
u_000846,2024-11-10,
u_000847,2024-11-10,
u_000848,2024-11-10,
u_000849,2024-11-10,
u_000850,2024-11-11,
u_000851,2024-11-11,2024-11-18
u_000852,2024-11-11,2024-12-06
u_000853,2024-11-11,
u_000854,2024-11-11,
u_000855,2024-11-12,
u_000856,2024-11-12,2024-11-13
u_000857,2024-11-12,
u_000858,2024-11-12,2024-11-14
u_000859,2024-11-12,
u_000860,2024-11-13,
u_000861,2024-11-13,2024-11-18
u_000862,2024-11-14,
u_000863,2024-11-15,
u_000864,2024-11-15,
u_000865,2024-11-16,2024-11-24
u_000866,2024-11-16,
u_000867,2024-11-16,2024-11-21
u_000868,2024-11-16,
u_000869,2024-11-16,2024-11-22
u_000870,2024-11-17,
u_000871,2024-11-17,2024-11-29
u_000872,2024-11-17,2024-11-20
u_000873,2024-11-17,2024-11-20
u_000874,2024-11-17,
u_000875,2024-11-18,
u_000876,2024-11-18,
u_000877,2024-11-18,
u_000878,2024-11-18,
u_000879,2024-11-18,2024-11-22
u_000880,2024-11-19,
u_000881,2024-11-19,2024-11-24
u_000882,2024-11-19,
u_000883,2024-11-19,
u_000884,2024-11-20,
u_000885,2024-11-20,2024-11-21
u_000886,2024-11-21,
u_000887,2024-11-22,2024-11-30
u_000888,2024-11-22,
u_000889,2024-11-22,
u_000890,2024-11-23,
u_000891,2024-11-23,2024-12-14
u_000892,2024-11-23,2024-12-06
u_000893,2024-11-23,2024-11-24
u_000894,2024-11-23,
u_000895,2024-11-23,2024-11-27
u_000896,2024-11-23,
u_000897,2024-11-24,2024-11-28
u_000898,2024-11-24,2024-11-26
u_000899,2024-11-24,2024-11-29
u_000900,2024-11-24,2024-12-03
u_000901,2024-11-25,2024-12-08
u_000902,2024-11-25,
u_000903,2024-11-25,
u_000904,2024-11-26,2024-11-28
u_000905,2024-11-26,
u_000906,2024-11-26,2024-11-28
u_000907,2024-11-27,2024-12-06
u_000908,2024-11-27,2024-11-27
u_000909,2024-11-27,2024-11-29
u_000910,2024-11-27,
u_000911,2024-11-28,
u_000912,2024-11-28,
u_000913,2024-11-29,
u_000914,2024-11-29,
u_000915,2024-11-29,
u_000916,2024-11-29,2024-12-02
u_000917,2024-11-29,
u_000918,2024-11-30,
u_000919,2024-11-30,
u_000920,2024-12-01,2024-12-02
u_000921,2024-12-01,
u_000922,2024-12-01,
u_000923,2024-12-01,2024-12-13
u_000924,2024-12-01,2024-12-01
u_000925,2024-12-02,
u_000926,2024-12-02,2024-12-24
u_000927,2024-12-02,2024-12-20
u_000928,2024-12-02,
u_000929,2024-12-02,
u_000930,2024-12-02,
u_000931,2024-12-03,
u_000932,2024-12-03,2024-12-23
u_000933,2024-12-03,
u_000934,2024-12-03,
u_000935,2024-12-04,2024-12-11
u_000936,2024-12-04,
u_000937,2024-12-04,2024-12-15
u_000938,2024-12-05,2024-12-05
u_000939,2024-12-05,
u_000940,2024-12-05,2024-12-08
u_000941,2024-12-05,2024-12-09
u_000942,2024-12-05,
u_000943,2024-12-06,2024-12-27
u_000944,2024-12-06,
u_000945,2024-12-06,
u_000946,2024-12-06,2024-12-07
u_000947,2024-12-06,2024-12-06
u_000948,2024-12-07,
u_000949,2024-12-07,2024-12-16
u_000950,2024-12-07,2024-12-08
u_000951,2024-12-07,2024-12-28
u_000952,2024-12-07,
u_000953,2024-12-07,
u_000954,2024-12-07,2024-12-10
u_000955,2024-12-07,
u_000956,2024-12-07,2024-12-12
u_000957,2024-12-07,2024-12-12
u_000958,2024-12-07,2024-12-08
u_000959,2024-12-07,
u_000960,2024-12-07,
u_000961,2024-12-08,2024-12-09
u_000962,2024-12-08,
u_000963,2024-12-09,2024-12-11
u_000964,2024-12-09,
u_000965,2024-12-09,
u_000966,2024-12-09,2024-12-16
u_000967,2024-12-09,
u_000968,2024-12-10,2024-12-15
u_000969,2024-12-11,
u_000970,2024-12-11,
u_000971,2024-12-11,2024-12-20
u_000972,2024-12-11,2024-12-11
u_000973,2024-12-12,
u_000974,2024-12-12,
u_000975,2024-12-12,
u_000976,2024-12-12,2024-12-15
u_000977,2024-12-12,
u_000978,2024-12-12,2024-12-15
u_000979,2024-12-12,2024-12-27
u_000980,2024-12-12,2024-12-13
u_000981,2024-12-13,2024-12-13
u_000982,2024-12-13,2024-12-20
u_000983,2024-12-13,2024-12-14
u_000984,2024-12-13,
u_000985,2024-12-13,
u_000986,2024-12-13,2024-12-18
u_000987,2024-12-14,
u_000988,2024-12-14,
u_000989,2024-12-14,2024-12-16
u_000990,2024-12-14,
u_000991,2024-12-14,
u_000992,2024-12-14,2024-12-15
u_000993,2024-12-14,2024-12-31
u_000994,2024-12-14,
u_000995,2024-12-15,2024-12-16
u_000996,2024-12-15,
u_000997,2024-12-15,2025-01-08
u_000998,2024-12-15,
u_000999,2024-12-15,
u_001000,2024-12-15,2024-12-18
u_001001,2024-12-16,2024-12-17
u_001002,2024-12-16,2024-12-17
u_001003,2024-12-16,
u_001004,2024-12-16,2024-12-17
u_001005,2024-12-16,2024-12-20
u_001006,2024-12-16,
u_001007,2024-12-16,
u_001008,2024-12-16,2024-12-31
u_001009,2024-12-16,2025-01-06
u_001010,2024-12-16,
u_001011,2024-12-16,
u_001012,2024-12-17,
u_001013,2024-12-17,
u_001014,2024-12-17,2024-12-22
u_001015,2024-12-17,2024-12-18
u_001016,2024-12-17,2024-12-19
u_001017,2024-12-17,
u_001018,2024-12-18,
u_001019,2024-12-18,
u_001020,2024-12-18,2024-12-25
u_001021,2024-12-19,2024-12-20
u_001022,2024-12-19,
u_001023,2024-12-19,
u_001024,2024-12-19,2024-12-24
u_001025,2024-12-20,2024-12-28
u_001026,2024-12-20,
u_001027,2024-12-20,2024-12-28
u_001028,2024-12-20,
u_001029,2024-12-20,
u_001030,2024-12-20,2025-01-11
u_001031,2024-12-20,
u_001032,2024-12-20,2024-12-21
u_001033,2024-12-21,2025-01-08
u_001034,2024-12-21,2024-12-25
u_001035,2024-12-21,2024-12-25
u_001036,2024-12-22,2024-12-27
u_001037,2024-12-22,2024-12-25
u_001038,2024-12-22,
u_001039,2024-12-22,
u_001040,2024-12-23,
u_001041,2024-12-23,
u_001042,2024-12-23,
u_001043,2024-12-23,2024-12-25
u_001044,2024-12-23,2025-01-03
u_001045,2024-12-23,2024-12-26
u_001046,2024-12-23,
u_001047,2024-12-24,
u_001048,2024-12-24,
u_001049,2024-12-24,
u_001050,2024-12-24,
u_001051,2024-12-24,2024-12-26
u_001052,2024-12-24,
u_001053,2024-12-25,
u_001054,2024-12-25,
u_001055,2024-12-25,2024-12-28
u_001056,2024-12-25,
u_001057,2024-12-25,
u_001058,2024-12-25,
u_001059,2024-12-26,
u_001060,2024-12-26,
u_001061,2024-12-26,
u_001062,2024-12-26,
u_001063,2024-12-26,
u_001064,2024-12-26,
u_001065,2024-12-26,
u_001066,2024-12-26,2024-12-27
u_001067,2024-12-26,
u_001068,2024-12-26,2024-12-27
u_001069,2024-12-27,
u_001070,2024-12-27,
u_001071,2024-12-27,
u_001072,2024-12-27,
u_001073,2024-12-27,
u_001074,2024-12-27,
u_001075,2024-12-27,
u_001076,2024-12-27,
u_001077,2024-12-27,2024-12-29
u_001078,2024-12-27,
u_001079,2024-12-28,
u_001080,2024-12-28,
u_001081,2024-12-28,2025-01-02
u_001082,2024-12-28,
u_001083,2024-12-28,
u_001084,2024-12-29,
u_001085,2024-12-29,2025-01-05
u_001086,2024-12-29,
u_001087,2024-12-29,2025-01-11
u_001088,2024-12-29,
u_001089,2024-12-29,2025-01-02
u_001090,2024-12-29,
u_001091,2024-12-30,2024-12-30
u_001092,2024-12-30,
u_001093,2024-12-30,2024-12-30
u_001094,2024-12-30,2025-01-10
u_001095,2024-12-30,
u_001096,2024-12-30,
u_001097,2024-12-30,2025-01-06
u_001098,2024-12-31,2025-01-05
u_001099,2024-12-31,
u_001100,2024-12-31,2025-01-08
u_001101,2024-12-31,
u_001102,2024-12-31,
u_001103,2025-01-01,
u_001104,2025-01-01,2025-01-05
u_001105,2025-01-01,
u_001106,2025-01-02,
u_001107,2025-01-02,
u_001108,2025-01-03,2025-01-07
u_001109,2025-01-03,
u_001110,2025-01-03,2025-01-03
u_001111,2025-01-03,
u_001112,2025-01-04,2025-01-12
u_001113,2025-01-04,2025-01-04
u_001114,2025-01-04,2025-01-12
u_001115,2025-01-04,2025-01-11
u_001116,2025-01-04,
u_001117,2025-01-05,2025-01-14
u_001118,2025-01-05,
u_001119,2025-01-05,
u_001120,2025-01-05,
u_001121,2025-01-05,
u_001122,2025-01-06,2025-02-01
u_001123,2025-01-06,
u_001124,2025-01-06,2025-01-14
u_001125,2025-01-06,2025-01-06
u_001126,2025-01-07,
u_001127,2025-01-07,2025-01-10
u_001128,2025-01-07,2025-01-10
u_001129,2025-01-07,2025-01-07
u_001130,2025-01-07,
u_001131,2025-01-08,2025-01-10
u_001132,2025-01-08,
u_001133,2025-01-08,
u_001134,2025-01-09,2025-01-14
u_001135,2025-01-09,2025-01-12
u_001136,2025-01-09,
u_001137,2025-01-09,
u_001138,2025-01-09,2025-01-12
u_001139,2025-01-09,
u_001140,2025-01-09,
u_001141,2025-01-09,
u_001142,2025-01-10,2025-01-14
u_001143,2025-01-10,2025-02-09
u_001144,2025-01-10,
u_001145,2025-01-10,
u_001146,2025-01-11,2025-01-13
u_001147,2025-01-11,2025-01-22
u_001148,2025-01-11,2025-01-14
u_001149,2025-01-11,2025-01-12
u_001150,2025-01-11,2025-01-16
u_001151,2025-01-12,2025-01-15
u_001152,2025-01-12,
u_001153,2025-01-13,2025-01-31
u_001154,2025-01-13,2025-01-17
u_001155,2025-01-14,2025-01-16
u_001156,2025-01-14,
u_001157,2025-01-14,
u_001158,2025-01-14,
u_001159,2025-01-14,
u_001160,2025-01-14,
u_001161,2025-01-14,
u_001162,2025-01-14,
u_001163,2025-01-15,2025-01-26
u_001164,2025-01-15,2025-01-19
u_001165,2025-01-15,
u_001166,2025-01-15,2025-01-20
u_001167,2025-01-15,
u_001168,2025-01-16,2025-02-02
u_001169,2025-01-16,
u_001170,2025-01-16,
u_001171,2025-01-16,2025-01-17
u_001172,2025-01-16,
u_001173,2025-01-16,2025-01-26
u_001174,2025-01-16,2025-01-28
u_001175,2025-01-17,2025-01-20
u_001176,2025-01-17,
u_001177,2025-01-17,2025-01-17
u_001178,2025-01-17,
u_001179,2025-01-17,2025-01-24
u_001180,2025-01-17,
u_001181,2025-01-18,
u_001182,2025-01-18,2025-01-20
u_001183,2025-01-18,
u_001184,2025-01-18,
u_001185,2025-01-19,
u_001186,2025-01-19,2025-02-06
u_001187,2025-01-19,2025-02-04
u_001188,2025-01-20,
u_001189,2025-01-20,2025-01-24
u_001190,2025-01-20,2025-01-21
u_001191,2025-01-20,2025-01-21
u_001192,2025-01-20,
u_001193,2025-01-21,
u_001194,2025-01-21,
u_001195,2025-01-21,2025-01-21
u_001196,2025-01-21,2025-02-21
u_001197,2025-01-21,2025-01-21
u_001198,2025-01-21,
u_001199,2025-01-21,2025-01-24
u_001200,2025-01-21,2025-01-31
u_001201,2025-01-22,2025-02-06
u_001202,2025-01-22,2025-02-09
u_001203,2025-01-22,
u_001204,2025-01-22,2025-01-23
u_001205,2025-01-22,
u_001206,2025-01-22,
u_001207,2025-01-22,
u_001208,2025-01-23,
u_001209,2025-01-23,
u_001210,2025-01-23,2025-02-04
u_001211,2025-01-23,2025-01-28
u_001212,2025-01-23,
u_001213,2025-01-23,
u_001214,2025-01-23,2025-01-23
u_001215,2025-01-23,
u_001216,2025-01-23,
u_001217,2025-01-24,
u_001218,2025-01-24,
u_001219,2025-01-24,2025-01-26
u_001220,2025-01-24,
u_001221,2025-01-24,
u_001222,2025-01-24,
u_001223,2025-01-24,
u_001224,2025-01-24,2025-02-01
u_001225,2025-01-25,
u_001226,2025-01-25,2025-02-26
u_001227,2025-01-25,
u_001228,2025-01-25,
u_001229,2025-01-25,2025-01-25
u_001230,2025-01-25,
u_001231,2025-01-25,2025-01-29
u_001232,2025-01-25,2025-02-02
u_001233,2025-01-26,2025-02-06
u_001234,2025-01-26,2025-01-27
u_001235,2025-01-26,2025-01-28
u_001236,2025-01-26,
u_001237,2025-01-26,
u_001238,2025-01-26,2025-02-12
u_001239,2025-01-26,
u_001240,2025-01-26,2025-01-26
u_001241,2025-01-26,2025-01-27
u_001242,2025-01-27,
u_001243,2025-01-27,2025-02-06
u_001244,2025-01-27,
u_001245,2025-01-28,
u_001246,2025-01-28,2025-01-30
u_001247,2025-01-28,2025-01-31
u_001248,2025-01-28,2025-02-01
u_001249,2025-01-28,2025-01-28
u_001250,2025-01-28,2025-02-04
u_001251,2025-01-29,
u_001252,2025-01-29,2025-01-31
u_001253,2025-01-29,
u_001254,2025-01-29,2025-02-01
u_001255,2025-01-29,2025-02-02
u_001256,2025-01-29,
u_001257,2025-01-29,2025-02-13
u_001258,2025-01-29,
u_001259,2025-01-30,2025-02-08
u_001260,2025-01-30,
u_001261,2025-01-30,
u_001262,2025-01-30,
u_001263,2025-01-31,
u_001264,2025-01-31,
u_001265,2025-01-31,
u_001266,2025-01-31,2025-02-21
u_001267,2025-02-01,2025-02-05
u_001268,2025-02-01,
u_001269,2025-02-01,
u_001270,2025-02-01,
u_001271,2025-02-01,2025-02-02
u_001272,2025-02-01,
u_001273,2025-02-01,2025-02-05
u_001274,2025-02-02,
u_001275,2025-02-02,2025-02-03
u_001276,2025-02-02,
u_001277,2025-02-02,
u_001278,2025-02-03,2025-02-06
u_001279,2025-02-03,
u_001280,2025-02-03,2025-02-10
u_001281,2025-02-04,
u_001282,2025-02-04,
u_001283,2025-02-04,2025-02-12
u_001284,2025-02-04,
u_001285,2025-02-04,2025-02-04
u_001286,2025-02-05,2025-02-07
u_001287,2025-02-06,
u_001288,2025-02-06,2025-02-08
u_001289,2025-02-06,
u_001290,2025-02-06,
u_001291,2025-02-06,
u_001292,2025-02-06,
u_001293,2025-02-06,
u_001294,2025-02-06,2025-02-08
u_001295,2025-02-06,
u_001296,2025-02-06,2025-02-15
u_001297,2025-02-07,2025-02-08
u_001298,2025-02-07,
u_001299,2025-02-07,2025-02-13
u_001300,2025-02-07,
u_001301,2025-02-08,
u_001302,2025-02-08,
u_001303,2025-02-08,
u_001304,2025-02-08,
u_001305,2025-02-09,2025-02-13
u_001306,2025-02-09,
u_001307,2025-02-09,2025-02-11
u_001308,2025-02-10,2025-02-16
u_001309,2025-02-10,2025-02-12
u_001310,2025-02-10,2025-02-14
u_001311,2025-02-11,2025-02-15
u_001312,2025-02-11,2025-02-16
u_001313,2025-02-11,
u_001314,2025-02-11,
u_001315,2025-02-11,
u_001316,2025-02-11,2025-02-14
u_001317,2025-02-12,2025-02-15
u_001318,2025-02-12,2025-02-28
u_001319,2025-02-12,2025-02-16
u_001320,2025-02-12,
u_001321,2025-02-12,2025-02-12
u_001322,2025-02-13,
u_001323,2025-02-13,
u_001324,2025-02-13,2025-02-23
u_001325,2025-02-13,2025-02-21
u_001326,2025-02-13,2025-02-21
u_001327,2025-02-13,
u_001328,2025-02-13,2025-02-16
u_001329,2025-02-13,
u_001330,2025-02-13,
u_001331,2025-02-14,
u_001332,2025-02-14,
u_001333,2025-02-15,2025-02-15
u_001334,2025-02-15,2025-02-22
u_001335,2025-02-15,2025-02-24
u_001336,2025-02-15,
u_001337,2025-02-16,2025-02-20
u_001338,2025-02-17,
u_001339,2025-02-17,
u_001340,2025-02-17,2025-03-09
u_001341,2025-02-17,2025-02-19
u_001342,2025-02-18,2025-03-03
u_001343,2025-02-18,2025-02-21
u_001344,2025-02-18,2025-02-18
u_001345,2025-02-18,2025-02-19
u_001346,2025-02-18,
u_001347,2025-02-19,
u_001348,2025-02-19,
u_001349,2025-02-19,2025-02-20
u_001350,2025-02-19,
u_001351,2025-02-19,
u_001352,2025-02-19,
u_001353,2025-02-19,2025-03-03
u_001354,2025-02-20,
u_001355,2025-02-20,
u_001356,2025-02-20,
u_001357,2025-02-22,2025-02-22
u_001358,2025-02-22,2025-02-25
u_001359,2025-02-22,2025-03-03
u_001360,2025-02-22,
u_001361,2025-02-22,2025-02-27
u_001362,2025-02-22,
u_001363,2025-02-22,2025-02-23
u_001364,2025-02-22,
u_001365,2025-02-22,
u_001366,2025-02-23,2025-03-22
u_001367,2025-02-24,2025-03-10
u_001368,2025-02-24,
u_001369,2025-02-24,2025-02-27
u_001370,2025-02-25,2025-03-02
u_001371,2025-02-25,
u_001372,2025-02-25,2025-02-28
u_001373,2025-02-25,2025-02-25
u_001374,2025-02-25,2025-02-26
u_001375,2025-02-26,
u_001376,2025-02-26,2025-03-01
u_001377,2025-02-26,2025-03-01
u_001378,2025-02-26,
u_001379,2025-02-27,
u_001380,2025-02-27,
u_001381,2025-02-27,
u_001382,2025-02-27,2025-03-07
u_001383,2025-02-27,
u_001384,2025-02-27,2025-03-12
u_001385,2025-02-28,
u_001386,2025-02-28,
u_001387,2025-02-28,
u_001388,2025-02-28,
u_001389,2025-02-28,2025-03-10
u_001390,2025-02-28,
u_001391,2025-02-28,
u_001392,2025-03-01,
u_001393,2025-03-01,
u_001394,2025-03-02,
u_001395,2025-03-02,2025-03-07
u_001396,2025-03-02,2025-03-06
u_001397,2025-03-02,
u_001398,2025-03-02,
u_001399,2025-03-02,2025-03-04
u_001400,2025-03-03,
u_001401,2025-03-03,
u_001402,2025-03-04,
u_001403,2025-03-04,2025-03-06
u_001404,2025-03-04,
u_001405,2025-03-04,
u_001406,2025-03-04,2025-03-20
u_001407,2025-03-04,2025-03-04
u_001408,2025-03-04,2025-03-07
u_001409,2025-03-04,2025-03-16
u_001410,2025-03-04,2025-03-13
u_001411,2025-03-05,
u_001412,2025-03-05,2025-03-19
u_001413,2025-03-06,
u_001414,2025-03-06,2025-03-15
u_001415,2025-03-07,2025-03-07
u_001416,2025-03-07,2025-03-07
u_001417,2025-03-07,
u_001418,2025-03-08,
u_001419,2025-03-08,2025-03-15
u_001420,2025-03-08,2025-03-11
u_001421,2025-03-08,2025-03-11
u_001422,2025-03-09,
u_001423,2025-03-09,
u_001424,2025-03-09,2025-03-14
u_001425,2025-03-09,2025-03-13
u_001426,2025-03-09,
u_001427,2025-03-09,2025-03-20
u_001428,2025-03-09,2025-03-09
u_001429,2025-03-09,
u_001430,2025-03-09,
u_001431,2025-03-10,
u_001432,2025-03-10,
u_001433,2025-03-11,
u_001434,2025-03-11,
u_001435,2025-03-11,
u_001436,2025-03-11,2025-03-12
u_001437,2025-03-11,
u_001438,2025-03-12,
u_001439,2025-03-12,
u_001440,2025-03-12,
u_001441,2025-03-12,
u_001442,2025-03-13,
u_001443,2025-03-13,
u_001444,2025-03-13,2025-03-16
u_001445,2025-03-13,2025-03-15
u_001446,2025-03-13,
u_001447,2025-03-13,2025-03-17
u_001448,2025-03-14,
u_001449,2025-03-14,2025-03-16
u_001450,2025-03-14,2025-03-26
u_001451,2025-03-14,
u_001452,2025-03-14,2025-04-13
u_001453,2025-03-15,2025-04-04
u_001454,2025-03-15,
u_001455,2025-03-15,
u_001456,2025-03-16,
u_001457,2025-03-16,
u_001458,2025-03-16,
u_001459,2025-03-16,2025-03-30
u_001460,2025-03-17,
u_001461,2025-03-17,2025-03-17
u_001462,2025-03-18,2025-03-22
u_001463,2025-03-18,
u_001464,2025-03-18,2025-03-26
u_001465,2025-03-18,
u_001466,2025-03-18,
u_001467,2025-03-18,
u_001468,2025-03-18,2025-03-19
u_001469,2025-03-19,
u_001470,2025-03-19,2025-03-23
u_001471,2025-03-19,
u_001472,2025-03-19,
u_001473,2025-03-20,2025-03-20
u_001474,2025-03-20,
u_001475,2025-03-20,
u_001476,2025-03-21,
u_001477,2025-03-21,
u_001478,2025-03-21,
u_001479,2025-03-22,
u_001480,2025-03-23,2025-04-12
u_001481,2025-03-23,2025-03-25
u_001482,2025-03-23,
u_001483,2025-03-23,
u_001484,2025-03-23,2025-04-02
u_001485,2025-03-23,2025-03-23
u_001486,2025-03-24,
u_001487,2025-03-24,2025-03-27
u_001488,2025-03-24,
u_001489,2025-03-24,2025-03-24
u_001490,2025-03-24,2025-03-27
u_001491,2025-03-24,2025-03-25
u_001492,2025-03-24,2025-04-01
u_001493,2025-03-24,
u_001494,2025-03-24,
u_001495,2025-03-24,2025-03-29
u_001496,2025-03-25,2025-03-27
u_001497,2025-03-25,
u_001498,2025-03-26,
u_001499,2025-03-26,
u_001500,2025-03-26,2025-03-27
u_001501,2025-03-26,
u_001502,2025-03-26,2025-04-13
u_001503,2025-03-26,
u_001504,2025-03-27,2025-03-30
u_001505,2025-03-27,2025-03-30
u_001506,2025-03-27,
u_001507,2025-03-27,2025-03-28
u_001508,2025-03-28,2025-03-31
u_001509,2025-03-28,2025-03-30
u_001510,2025-03-28,2025-03-28
u_001511,2025-03-28,2025-04-01
u_001512,2025-03-28,
u_001513,2025-03-28,
u_001514,2025-03-28,
u_001515,2025-03-28,
u_001516,2025-03-29,2025-03-30
u_001517,2025-03-29,2025-03-30
u_001518,2025-03-29,2025-03-31
u_001519,2025-03-29,2025-03-29
u_001520,2025-03-29,
u_001521,2025-03-30,
u_001522,2025-03-30,
u_001523,2025-03-30,2025-03-31
u_001524,2025-03-30,
u_001525,2025-03-31,
u_001526,2025-03-31,
u_001527,2025-03-31,2025-04-19
u_001528,2025-03-31,
u_001529,2025-03-31,2025-04-06
u_001530,2025-04-01,
u_001531,2025-04-02,
u_001532,2025-04-03,2025-04-07
u_001533,2025-04-03,
u_001534,2025-04-04,
u_001535,2025-04-04,2025-04-12
u_001536,2025-04-04,2025-04-05
u_001537,2025-04-04,2025-05-01
u_001538,2025-04-04,2025-04-05
u_001539,2025-04-04,2025-04-14
u_001540,2025-04-04,2025-05-02
u_001541,2025-04-05,2025-04-05
u_001542,2025-04-05,2025-04-05
u_001543,2025-04-05,
u_001544,2025-04-05,
u_001545,2025-04-06,
u_001546,2025-04-06,
u_001547,2025-04-07,
u_001548,2025-04-08,
u_001549,2025-04-08,
u_001550,2025-04-08,2025-04-27
u_001551,2025-04-08,2025-04-10
u_001552,2025-04-08,2025-04-10
u_001553,2025-04-08,2025-04-09
u_001554,2025-04-09,
u_001555,2025-04-09,
u_001556,2025-04-09,2025-04-09
u_001557,2025-04-09,
u_001558,2025-04-09,2025-04-12
u_001559,2025-04-09,
u_001560,2025-04-09,2025-04-12
u_001561,2025-04-09,2025-04-11
u_001562,2025-04-10,
u_001563,2025-04-10,
u_001564,2025-04-11,2025-05-01
u_001565,2025-04-11,
u_001566,2025-04-12,
u_001567,2025-04-12,2025-04-15
u_001568,2025-04-12,
u_001569,2025-04-12,2025-04-15
u_001570,2025-04-12,2025-04-16
u_001571,2025-04-13,
u_001572,2025-04-13,
u_001573,2025-04-13,2025-04-13
u_001574,2025-04-13,
u_001575,2025-04-13,2025-04-17
u_001576,2025-04-14,
u_001577,2025-04-14,
u_001578,2025-04-14,2025-04-15
u_001579,2025-04-14,
u_001580,2025-04-14,
u_001581,2025-04-15,
u_001582,2025-04-15,2025-04-21
u_001583,2025-04-15,
u_001584,2025-04-16,2025-04-22
u_001585,2025-04-16,2025-04-28
u_001586,2025-04-16,2025-04-26
u_001587,2025-04-16,
u_001588,2025-04-16,2025-04-16
u_001589,2025-04-16,2025-04-22
u_001590,2025-04-16,
u_001591,2025-04-17,2025-04-18
u_001592,2025-04-17,
u_001593,2025-04-17,2025-04-17
u_001594,2025-04-17,2025-04-24
u_001595,2025-04-17,
u_001596,2025-04-17,
u_001597,2025-04-18,
u_001598,2025-04-18,2025-04-22
u_001599,2025-04-18,2025-04-24
u_001600,2025-04-18,2025-05-14
u_001601,2025-04-19,
u_001602,2025-04-19,
u_001603,2025-04-19,2025-04-22
u_001604,2025-04-19,2025-04-27
u_001605,2025-04-20,
u_001606,2025-04-20,2025-04-28
u_001607,2025-04-20,
u_001608,2025-04-20,
u_001609,2025-04-20,2025-04-25
u_001610,2025-04-21,
u_001611,2025-04-21,2025-05-12
u_001612,2025-04-21,2025-04-25
u_001613,2025-04-22,
u_001614,2025-04-22,
u_001615,2025-04-22,
u_001616,2025-04-22,
u_001617,2025-04-22,2025-04-23
u_001618,2025-04-22,
u_001619,2025-04-22,
u_001620,2025-04-23,
u_001621,2025-04-23,2025-05-02
u_001622,2025-04-23,
u_001623,2025-04-23,
u_001624,2025-04-23,
u_001625,2025-04-23,2025-04-23
u_001626,2025-04-24,
u_001627,2025-04-24,
u_001628,2025-04-24,2025-04-28
u_001629,2025-04-24,2025-05-13
u_001630,2025-04-24,2025-04-28
u_001631,2025-04-24,
u_001632,2025-04-24,
u_001633,2025-04-24,2025-05-07
u_001634,2025-04-25,2025-04-25
u_001635,2025-04-25,
u_001636,2025-04-25,
u_001637,2025-04-25,
u_001638,2025-04-26,2025-05-08
u_001639,2025-04-26,2025-04-28
u_001640,2025-04-27,2025-04-29
u_001641,2025-04-27,
u_001642,2025-04-27,2025-05-30
u_001643,2025-04-27,2025-05-01
u_001644,2025-04-27,2025-04-27
u_001645,2025-04-28,2025-04-28
u_001646,2025-04-28,
u_001647,2025-04-28,2025-06-14
u_001648,2025-04-28,
u_001649,2025-04-28,2025-05-03
u_001650,2025-04-28,
u_001651,2025-04-29,
u_001652,2025-04-29,
u_001653,2025-04-29,
u_001654,2025-04-29,
u_001655,2025-04-29,2025-05-03
u_001656,2025-04-30,2025-05-13
u_001657,2025-04-30,
u_001658,2025-04-30,2025-05-01
u_001659,2025-04-30,
u_001660,2025-04-30,
u_001661,2025-04-30,2025-05-02
u_001662,2025-04-30,2025-05-18
u_001663,2025-05-01,
u_001664,2025-05-01,2025-05-01
u_001665,2025-05-01,
u_001666,2025-05-01,
u_001667,2025-05-01,2025-05-03
u_001668,2025-05-01,2025-05-09
u_001669,2025-05-01,2025-05-09
u_001670,2025-05-01,
u_001671,2025-05-01,2025-05-07
u_001672,2025-05-02,
u_001673,2025-05-03,
u_001674,2025-05-03,
u_001675,2025-05-03,
u_001676,2025-05-03,
u_001677,2025-05-03,2025-05-11
u_001678,2025-05-03,
u_001679,2025-05-04,2025-05-06
u_001680,2025-05-04,2025-05-12
u_001681,2025-05-04,
u_001682,2025-05-05,2025-05-09
u_001683,2025-05-05,
u_001684,2025-05-05,
u_001685,2025-05-05,2025-06-14
u_001686,2025-05-05,2025-05-24
u_001687,2025-05-06,
u_001688,2025-05-06,2025-05-09
u_001689,2025-05-06,
u_001690,2025-05-07,
u_001691,2025-05-08,
u_001692,2025-05-09,2025-05-11
u_001693,2025-05-09,2025-05-22
u_001694,2025-05-10,
u_001695,2025-05-10,
u_001696,2025-05-10,
u_001697,2025-05-10,
u_001698,2025-05-10,2025-05-12
u_001699,2025-05-10,
u_001700,2025-05-11,
u_001701,2025-05-11,
u_001702,2025-05-12,
u_001703,2025-05-12,
u_001704,2025-05-12,2025-05-14
u_001705,2025-05-12,
u_001706,2025-05-12,
u_001707,2025-05-12,
u_001708,2025-05-13,2025-06-13
u_001709,2025-05-13,
u_001710,2025-05-13,2025-05-19
u_001711,2025-05-14,
u_001712,2025-05-14,
u_001713,2025-05-14,2025-05-21
u_001714,2025-05-15,2025-05-19
u_001715,2025-05-15,2025-05-21
u_001716,2025-05-15,
u_001717,2025-05-15,
u_001718,2025-05-16,
u_001719,2025-05-16,2025-05-22
u_001720,2025-05-17,2025-05-22
u_001721,2025-05-17,2025-05-19
u_001722,2025-05-17,2025-05-18
u_001723,2025-05-17,2025-05-17
u_001724,2025-05-18,
u_001725,2025-05-18,
u_001726,2025-05-19,
u_001727,2025-05-20,
u_001728,2025-05-20,2025-05-20
u_001729,2025-05-20,
u_001730,2025-05-20,
u_001731,2025-05-20,2025-05-24
u_001732,2025-05-21,
u_001733,2025-05-21,
u_001734,2025-05-21,
u_001735,2025-05-22,2025-05-22
u_001736,2025-05-22,2025-05-22
u_001737,2025-05-22,2025-05-23
u_001738,2025-05-23,
u_001739,2025-05-23,
u_001740,2025-05-23,
u_001741,2025-05-24,
u_001742,2025-05-24,2025-05-26
u_001743,2025-05-25,
u_001744,2025-05-26,
u_001745,2025-05-27,2025-06-01
u_001746,2025-05-27,2025-05-29
u_001747,2025-05-27,
u_001748,2025-05-27,
u_001749,2025-05-27,
u_001750,2025-05-27,
u_001751,2025-05-28,
u_001752,2025-05-28,2025-05-31
u_001753,2025-05-28,
u_001754,2025-05-28,
u_001755,2025-05-28,2025-05-31
u_001756,2025-05-28,
u_001757,2025-05-28,
u_001758,2025-05-28,2025-05-30
u_001759,2025-05-28,
u_001760,2025-05-30,
u_001761,2025-05-30,
u_001762,2025-05-30,
u_001763,2025-05-30,2025-06-01
u_001764,2025-05-31,2025-06-10
u_001765,2025-05-31,
u_001766,2025-05-31,2025-06-01
u_001767,2025-06-01,
u_001768,2025-06-01,
u_001769,2025-06-01,
u_001770,2025-06-01,2025-06-09
u_001771,2025-06-01,2025-06-03
u_001772,2025-06-01,2025-06-01
u_001773,2025-06-02,2025-06-09
u_001774,2025-06-02,2025-06-06
u_001775,2025-06-02,
u_001776,2025-06-02,
u_001777,2025-06-03,2025-06-03
u_001778,2025-06-03,
u_001779,2025-06-03,2025-06-08
u_001780,2025-06-03,2025-06-11
u_001781,2025-06-04,
u_001782,2025-06-04,2025-06-17
u_001783,2025-06-04,2025-07-14
u_001784,2025-06-04,2025-06-18
u_001785,2025-06-04,
u_001786,2025-06-04,2025-06-15
u_001787,2025-06-04,
u_001788,2025-06-04,
u_001789,2025-06-04,
u_001790,2025-06-04,
u_001791,2025-06-05,
u_001792,2025-06-05,
u_001793,2025-06-06,
u_001794,2025-06-06,
u_001795,2025-06-06,
u_001796,2025-06-07,
u_001797,2025-06-07,
u_001798,2025-06-07,
u_001799,2025-06-08,
u_001800,2025-06-08,
u_001801,2025-06-08,
u_001802,2025-06-09,2025-06-16
u_001803,2025-06-09,2025-06-11
u_001804,2025-06-09,2025-06-09
u_001805,2025-06-09,
u_001806,2025-06-09,2025-06-19
u_001807,2025-06-11,
u_001808,2025-06-11,
u_001809,2025-06-12,2025-06-20
u_001810,2025-06-12,
u_001811,2025-06-12,
u_001812,2025-06-12,2025-06-12
u_001813,2025-06-12,
u_001814,2025-06-12,
u_001815,2025-06-13,2025-06-14
u_001816,2025-06-13,
u_001817,2025-06-13,2025-06-27
u_001818,2025-06-13,2025-06-14
u_001819,2025-06-13,
u_001820,2025-06-14,
u_001821,2025-06-14,
u_001822,2025-06-14,
u_001823,2025-06-14,
u_001824,2025-06-15,2025-06-27
u_001825,2025-06-15,
u_001826,2025-06-15,
u_001827,2025-06-15,2025-06-22
u_001828,2025-06-15,2025-06-27
u_001829,2025-06-16,
u_001830,2025-06-16,2025-06-18
u_001831,2025-06-16,2025-06-26
u_001832,2025-06-16,2025-06-22
u_001833,2025-06-17,2025-06-24
u_001834,2025-06-17,
u_001835,2025-06-17,
u_001836,2025-06-17,
u_001837,2025-06-18,2025-06-24
u_001838,2025-06-18,
u_001839,2025-06-18,
u_001840,2025-06-18,
u_001841,2025-06-18,
u_001842,2025-06-18,2025-06-19
u_001843,2025-06-18,
u_001844,2025-06-19,2025-06-19
u_001845,2025-06-19,
u_001846,2025-06-19,2025-06-26
u_001847,2025-06-20,2025-06-21
u_001848,2025-06-20,
u_001849,2025-06-21,2025-06-25
u_001850,2025-06-21,2025-06-22
u_001851,2025-06-22,
u_001852,2025-06-22,2025-06-24
u_001853,2025-06-22,
u_001854,2025-06-23,2025-06-30
u_001855,2025-06-23,2025-06-28
u_001856,2025-06-23,
u_001857,2025-06-23,
u_001858,2025-06-24,
u_001859,2025-06-24,2025-06-24
u_001860,2025-06-24,
u_001861,2025-06-25,2025-06-26
u_001862,2025-06-25,
u_001863,2025-06-25,2025-07-02
u_001864,2025-06-26,
u_001865,2025-06-26,2025-07-01
u_001866,2025-06-26,2025-07-08
u_001867,2025-06-26,
u_001868,2025-06-27,
u_001869,2025-06-27,
u_001870,2025-06-27,
u_001871,2025-06-27,
u_001872,2025-06-28,2025-07-04
u_001873,2025-06-28,
u_001874,2025-06-28,
u_001875,2025-06-28,2025-07-15
u_001876,2025-06-28,2025-06-29
u_001877,2025-06-29,2025-06-29
u_001878,2025-06-29,
u_001879,2025-06-29,2025-06-30
u_001880,2025-06-29,
u_001881,2025-06-30,2025-08-09
u_001882,2025-06-30,2025-07-04
u_001883,2025-06-30,2025-07-04
u_001884,2025-06-30,
u_001885,2025-07-01,
u_001886,2025-07-01,2025-07-01
u_001887,2025-07-01,
u_001888,2025-07-01,
u_001889,2025-07-01,2025-07-18
u_001890,2025-07-02,2025-07-02
u_001891,2025-07-02,2025-07-09
u_001892,2025-07-02,2025-07-02
u_001893,2025-07-02,2025-07-09
u_001894,2025-07-02,2025-07-09
u_001895,2025-07-03,
u_001896,2025-07-03,
u_001897,2025-07-03,
u_001898,2025-07-03,
u_001899,2025-07-04,
u_001900,2025-07-05,2025-07-08
u_001901,2025-07-05,2025-07-06
u_001902,2025-07-05,
u_001903,2025-07-05,
u_001904,2025-07-05,2025-07-13
u_001905,2025-07-06,
u_001906,2025-07-06,
u_001907,2025-07-06,
u_001908,2025-07-07,2025-07-07
u_001909,2025-07-07,2025-08-18
u_001910,2025-07-07,2025-07-13
u_001911,2025-07-08,
u_001912,2025-07-08,2025-07-14
u_001913,2025-07-08,2025-07-17
u_001914,2025-07-08,
u_001915,2025-07-08,2025-07-17
u_001916,2025-07-09,
u_001917,2025-07-09,
u_001918,2025-07-09,
u_001919,2025-07-09,2025-07-15
u_001920,2025-07-09,2025-07-11
u_001921,2025-07-10,2025-07-13
u_001922,2025-07-10,
u_001923,2025-07-10,2025-07-15
u_001924,2025-07-10,2025-07-14
u_001925,2025-07-11,
u_001926,2025-07-11,
u_001927,2025-07-11,2025-07-12
u_001928,2025-07-12,2025-07-15
u_001929,2025-07-13,
u_001930,2025-07-13,2025-07-17
u_001931,2025-07-13,
u_001932,2025-07-13,
u_001933,2025-07-13,2025-07-17
u_001934,2025-07-14,2025-07-14
u_001935,2025-07-14,
u_001936,2025-07-14,
u_001937,2025-07-14,
u_001938,2025-07-15,2025-07-17
u_001939,2025-07-15,2025-07-17
u_001940,2025-07-15,2025-07-25
u_001941,2025-07-15,
u_001942,2025-07-15,
u_001943,2025-07-15,
u_001944,2025-07-15,
u_001945,2025-07-16,
u_001946,2025-07-16,
u_001947,2025-07-16,
u_001948,2025-07-16,2025-07-17
u_001949,2025-07-16,2025-07-16
u_001950,2025-07-16,2025-07-16
u_001951,2025-07-17,
u_001952,2025-07-17,2025-07-21
u_001953,2025-07-17,
u_001954,2025-07-17,
u_001955,2025-07-17,2025-07-19
u_001956,2025-07-17,2025-07-21
u_001957,2025-07-18,
u_001958,2025-07-18,
u_001959,2025-07-18,2025-07-30
u_001960,2025-07-19,
u_001961,2025-07-19,
u_001962,2025-07-19,
u_001963,2025-07-20,2025-08-05
u_001964,2025-07-20,
u_001965,2025-07-20,
u_001966,2025-07-20,2025-07-23
u_001967,2025-07-20,
u_001968,2025-07-20,
u_001969,2025-07-20,
u_001970,2025-07-21,
u_001971,2025-07-22,2025-07-25
u_001972,2025-07-22,
u_001973,2025-07-23,
u_001974,2025-07-23,
u_001975,2025-07-24,2025-07-30
u_001976,2025-07-24,
u_001977,2025-07-24,2025-07-24
u_001978,2025-07-24,
u_001979,2025-07-25,
u_001980,2025-07-25,2025-07-25
u_001981,2025-07-25,2025-07-26
u_001982,2025-07-26,
u_001983,2025-07-27,2025-07-29
u_001984,2025-07-27,
u_001985,2025-07-27,2025-07-29
u_001986,2025-07-28,2025-08-09
u_001987,2025-07-28,
u_001988,2025-07-28,
u_001989,2025-07-28,2025-07-28
u_001990,2025-07-29,
u_001991,2025-07-29,2025-08-06
u_001992,2025-07-30,2025-07-30
u_001993,2025-07-30,2025-07-30
u_001994,2025-07-30,
u_001995,2025-07-30,2025-08-05
u_001996,2025-07-31,
u_001997,2025-08-01,
u_001998,2025-08-01,
u_001999,2025-08-02,2025-08-02
u_002000,2025-08-02,2025-08-10
u_002001,2025-08-02,2025-08-05
u_002002,2025-08-02,2025-08-02
u_002003,2025-08-04,
u_002004,2025-08-05,2025-08-11
u_002005,2025-08-05,
u_002006,2025-08-06,
u_002007,2025-08-07,
u_002008,2025-08-08,
u_002009,2025-08-08,
u_002010,2025-08-09,
u_002011,2025-08-09,
u_002012,2025-08-10,
u_002013,2025-08-10,
u_002014,2025-08-10,2025-08-12
u_002015,2025-08-10,2025-08-16
u_002016,2025-08-11,
u_002017,2025-08-11,
u_002018,2025-08-11,2025-08-11
u_002019,2025-08-12,
u_002020,2025-08-13,2025-08-15
u_002021,2025-08-13,2025-08-17
u_002022,2025-08-13,
u_002023,2025-08-13,
u_002024,2025-08-14,2025-09-06
u_002025,2025-08-14,
u_002026,2025-08-15,
u_002027,2025-08-15,
u_002028,2025-08-15,
u_002029,2025-08-15,
u_002030,2025-08-16,2025-08-21
u_002031,2025-08-16,2025-08-16
u_002032,2025-08-16,2025-09-01
u_002033,2025-08-17,2025-08-17
u_002034,2025-08-18,2025-08-18
u_002035,2025-08-19,2025-08-19
u_002036,2025-08-19,2025-08-20
u_002037,2025-08-19,2025-09-23
u_002038,2025-08-19,2025-08-28
u_002039,2025-08-19,
u_002040,2025-08-20,2025-09-11
u_002041,2025-08-20,2025-09-15
u_002042,2025-08-21,
u_002043,2025-08-21,
u_002044,2025-08-22,2025-08-23
u_002045,2025-08-22,
u_002046,2025-08-22,
u_002047,2025-08-22,
u_002048,2025-08-23,
u_002049,2025-08-23,2025-08-24
u_002050,2025-08-23,2025-09-21
u_002051,2025-08-24,
u_002052,2025-08-24,
u_002053,2025-08-26,2025-08-27
u_002054,2025-08-26,2025-10-03
u_002055,2025-08-26,
u_002056,2025-08-27,
u_002057,2025-08-27,
u_002058,2025-08-27,
u_002059,2025-08-28,2025-09-01
u_002060,2025-08-28,
u_002061,2025-08-28,2025-09-01
u_002062,2025-08-29,
u_002063,2025-08-29,
u_002064,2025-08-29,
u_002065,2025-08-29,2025-09-07
u_002066,2025-08-29,
u_002067,2025-08-31,2025-09-02
u_002068,2025-09-01,2025-09-18
u_002069,2025-09-01,
u_002070,2025-09-01,
u_002071,2025-09-01,
u_002072,2025-09-02,
u_002073,2025-09-02,
u_002074,2025-09-02,2025-09-03
u_002075,2025-09-02,
u_002076,2025-09-03,
u_002077,2025-09-03,
u_002078,2025-09-03,
u_002079,2025-09-03,
u_002080,2025-09-03,
u_002081,2025-09-03,
u_002082,2025-09-03,
u_002083,2025-09-03,
u_002084,2025-09-04,2025-09-05
u_002085,2025-09-04,2025-09-10
u_002086,2025-09-04,
u_002087,2025-09-04,
u_002088,2025-09-05,
u_002089,2025-09-05,
u_002090,2025-09-06,2025-09-08
u_002091,2025-09-06,
u_002092,2025-09-06,2025-09-06
u_002093,2025-09-07,2025-09-08
u_002094,2025-09-07,
u_002095,2025-09-07,
u_002096,2025-09-07,2025-09-20
u_002097,2025-09-08,
u_002098,2025-09-09,2025-09-21
u_002099,2025-09-10,2025-09-27
u_002100,2025-09-10,
u_002101,2025-09-10,2025-10-02
u_002102,2025-09-10,2025-09-13
u_002103,2025-09-11,2025-09-23
u_002104,2025-09-11,2025-09-21
u_002105,2025-09-11,2025-09-26
u_002106,2025-09-12,2025-09-17
u_002107,2025-09-12,
u_002108,2025-09-12,
u_002109,2025-09-12,2025-10-03
u_002110,2025-09-12,
u_002111,2025-09-12,
u_002112,2025-09-13,
u_002113,2025-09-13,2025-09-18
u_002114,2025-09-13,
u_002115,2025-09-15,
u_002116,2025-09-16,2025-09-19
u_002117,2025-09-16,
u_002118,2025-09-17,2025-10-03
u_002119,2025-09-17,
u_002120,2025-09-17,
u_002121,2025-09-17,2025-09-20
u_002122,2025-09-17,
u_002123,2025-09-19,
u_002124,2025-09-19,
u_002125,2025-09-20,
u_002126,2025-09-20,2025-09-21
u_002127,2025-09-20,2025-10-02
u_002128,2025-09-20,2025-09-21
u_002129,2025-09-21,
u_002130,2025-09-21,2025-10-02
u_002131,2025-09-21,2025-10-14
u_002132,2025-09-21,2025-09-23
u_002133,2025-09-21,
u_002134,2025-09-22,
u_002135,2025-09-22,2025-10-04
u_002136,2025-09-23,
u_002137,2025-09-23,
u_002138,2025-09-23,
u_002139,2025-09-23,2025-09-26
u_002140,2025-09-24,
u_002141,2025-09-24,2025-09-25
u_002142,2025-09-24,2025-09-27
u_002143,2025-09-24,2025-09-25
u_002144,2025-09-24,
u_002145,2025-09-24,2025-09-29
u_002146,2025-09-24,2025-09-26
u_002147,2025-09-24,2025-09-24
u_002148,2025-09-25,
u_002149,2025-09-25,2025-09-25
u_002150,2025-09-25,2025-09-28
u_002151,2025-09-25,
u_002152,2025-09-25,
u_002153,2025-09-26,
u_002154,2025-09-26,2025-10-02
u_002155,2025-09-26,
u_002156,2025-09-26,2025-10-07
u_002157,2025-09-26,
u_002158,2025-09-26,
u_002159,2025-09-26,
u_002160,2025-09-26,
u_002161,2025-09-27,
u_002162,2025-09-27,
u_002163,2025-09-27,2025-10-07
u_002164,2025-09-27,
u_002165,2025-09-27,
u_002166,2025-09-27,
u_002167,2025-09-28,
u_002168,2025-09-28,
u_002169,2025-09-28,
u_002170,2025-09-28,
u_002171,2025-09-28,
u_002172,2025-09-28,
u_002173,2025-09-29,2025-10-07
u_002174,2025-09-29,2025-10-09
u_002175,2025-09-29,
u_002176,2025-09-29,2025-10-06
u_002177,2025-09-30,2025-10-17
u_002178,2025-09-30,2025-10-15
u_002179,2025-10-01,
u_002180,2025-10-01,
u_002181,2025-10-01,
u_002182,2025-10-02,2025-10-05
u_002183,2025-10-02,
u_002184,2025-10-02,
u_002185,2025-10-02,2025-10-04
u_002186,2025-10-02,2025-10-05
u_002187,2025-10-02,2025-10-07
u_002188,2025-10-03,
u_002189,2025-10-03,
u_002190,2025-10-03,2025-10-05
u_002191,2025-10-03,
u_002192,2025-10-03,
u_002193,2025-10-03,
u_002194,2025-10-03,2025-10-06
u_002195,2025-10-03,2025-10-10
u_002196,2025-10-04,
u_002197,2025-10-04,2025-10-13
u_002198,2025-10-04,
u_002199,2025-10-04,2025-10-05
u_002200,2025-10-04,2025-10-05
u_002201,2025-10-04,2025-10-04
u_002202,2025-10-05,2025-10-15
u_002203,2025-10-05,2025-10-16
u_002204,2025-10-05,2025-10-06
u_002205,2025-10-06,2025-10-08
u_002206,2025-10-07,2025-10-29
u_002207,2025-10-07,
u_002208,2025-10-07,2025-10-08
u_002209,2025-10-07,2025-10-07
u_002210,2025-10-08,2025-10-08
u_002211,2025-10-08,
u_002212,2025-10-08,
u_002213,2025-10-08,
u_002214,2025-10-09,2025-10-09
u_002215,2025-10-09,2025-10-09
u_002216,2025-10-09,2025-10-15
u_002217,2025-10-09,2025-10-09
u_002218,2025-10-09,
u_002219,2025-10-09,2025-10-14
u_002220,2025-10-10,
u_002221,2025-10-10,
u_002222,2025-10-10,
u_002223,2025-10-10,
u_002224,2025-10-10,
u_002225,2025-10-11,
u_002226,2025-10-11,
u_002227,2025-10-12,
u_002228,2025-10-12,
u_002229,2025-10-12,
u_002230,2025-10-13,2025-10-13
u_002231,2025-10-13,2025-10-23
u_002232,2025-10-14,
u_002233,2025-10-14,
u_002234,2025-10-14,2025-10-23
u_002235,2025-10-14,
u_002236,2025-10-14,
u_002237,2025-10-15,
u_002238,2025-10-15,2025-10-16
u_002239,2025-10-15,
u_002240,2025-10-16,
u_002241,2025-10-16,2025-10-23
u_002242,2025-10-17,
u_002243,2025-10-17,
u_002244,2025-10-17,
u_002245,2025-10-17,2025-10-17
u_002246,2025-10-17,
u_002247,2025-10-17,2025-11-02
u_002248,2025-10-18,2025-10-19
u_002249,2025-10-18,
u_002250,2025-10-18,
u_002251,2025-10-19,
u_002252,2025-10-19,2025-10-26
u_002253,2025-10-19,
u_002254,2025-10-19,2025-10-21
u_002255,2025-10-20,2025-10-24
u_002256,2025-10-20,
u_002257,2025-10-20,
u_002258,2025-10-20,
u_002259,2025-10-20,
u_002260,2025-10-20,
u_002261,2025-10-21,2025-11-07
u_002262,2025-10-21,2025-11-04
u_002263,2025-10-21,2025-11-17
u_002264,2025-10-22,2025-11-04
u_002265,2025-10-22,
u_002266,2025-10-22,2025-10-22
u_002267,2025-10-22,2025-11-01
u_002268,2025-10-23,
u_002269,2025-10-23,
u_002270,2025-10-23,2025-10-23
u_002271,2025-10-23,2025-10-24
u_002272,2025-10-23,2025-11-20
u_002273,2025-10-23,2025-10-23
u_002274,2025-10-23,2025-10-26
u_002275,2025-10-23,2025-10-26
u_002276,2025-10-24,
u_002277,2025-10-24,
u_002278,2025-10-24,
u_002279,2025-10-24,2025-10-30
u_002280,2025-10-24,
u_002281,2025-10-24,
u_002282,2025-10-25,2025-10-30
u_002283,2025-10-25,
u_002284,2025-10-25,
u_002285,2025-10-25,2025-10-30
u_002286,2025-10-25,
u_002287,2025-10-26,
u_002288,2025-10-26,2025-11-01
u_002289,2025-10-27,
u_002290,2025-10-27,2025-11-24
u_002291,2025-10-27,2025-10-27
u_002292,2025-10-27,
u_002293,2025-10-27,
u_002294,2025-10-27,
u_002295,2025-10-27,2025-11-12
u_002296,2025-10-27,
u_002297,2025-10-27,2025-10-29
u_002298,2025-10-28,2025-11-11
u_002299,2025-10-28,
u_002300,2025-10-29,
u_002301,2025-10-29,
u_002302,2025-10-30,
u_002303,2025-10-30,2025-11-11
u_002304,2025-10-30,
u_002305,2025-10-30,
u_002306,2025-10-30,2025-11-04
u_002307,2025-10-30,2025-11-04
u_002308,2025-10-30,
u_002309,2025-10-30,2025-11-28
u_002310,2025-10-31,2025-11-01
u_002311,2025-10-31,2025-11-01
u_002312,2025-10-31,2025-11-06
u_002313,2025-10-31,2025-11-12
u_002314,2025-11-01,
u_002315,2025-11-01,2025-11-06
u_002316,2025-11-01,2025-11-04
u_002317,2025-11-01,
u_002318,2025-11-02,2025-11-03
u_002319,2025-11-02,2025-11-20
u_002320,2025-11-02,
u_002321,2025-11-03,
u_002322,2025-11-03,
u_002323,2025-11-03,2025-11-22
u_002324,2025-11-03,2025-11-08
u_002325,2025-11-03,2025-11-20
u_002326,2025-11-03,
u_002327,2025-11-03,
u_002328,2025-11-03,
u_002329,2025-11-04,2025-11-17
u_002330,2025-11-04,2025-11-04
u_002331,2025-11-04,
u_002332,2025-11-04,2025-11-05
u_002333,2025-11-05,
u_002334,2025-11-05,
u_002335,2025-11-05,2025-11-20
u_002336,2025-11-05,
u_002337,2025-11-05,2025-11-09
u_002338,2025-11-06,2025-11-11
u_002339,2025-11-06,2025-11-07
u_002340,2025-11-06,
u_002341,2025-11-06,
u_002342,2025-11-06,2025-11-10
u_002343,2025-11-07,
u_002344,2025-11-07,2025-12-20
u_002345,2025-11-07,
u_002346,2025-11-07,
u_002347,2025-11-07,2025-11-11
u_002348,2025-11-08,
u_002349,2025-11-08,
u_002350,2025-11-08,2025-11-13
u_002351,2025-11-08,2025-11-15
u_002352,2025-11-08,2025-11-26
u_002353,2025-11-08,2025-11-17
u_002354,2025-11-08,2025-11-12
u_002355,2025-11-08,2025-11-13
u_002356,2025-11-08,
u_002357,2025-11-08,
u_002358,2025-11-08,2025-11-10
u_002359,2025-11-09,
u_002360,2025-11-09,
u_002361,2025-11-10,
u_002362,2025-11-10,2025-11-14
u_002363,2025-11-10,2025-11-16
u_002364,2025-11-11,
u_002365,2025-11-11,
u_002366,2025-11-12,
u_002367,2025-11-12,
u_002368,2025-11-12,
u_002369,2025-11-12,2025-11-17
u_002370,2025-11-12,2025-11-16
u_002371,2025-11-12,
u_002372,2025-11-13,
u_002373,2025-11-14,2025-11-18
u_002374,2025-11-14,2025-11-24
u_002375,2025-11-14,2025-11-20
u_002376,2025-11-14,2025-11-18
u_002377,2025-11-14,
u_002378,2025-11-14,
u_002379,2025-11-15,2025-11-17
u_002380,2025-11-15,2025-11-17
u_002381,2025-11-15,
u_002382,2025-11-15,2025-11-26
u_002383,2025-11-15,2025-11-19
u_002384,2025-11-15,2025-11-19
u_002385,2025-11-15,2025-11-26
u_002386,2025-11-16,2025-11-23
u_002387,2025-11-16,2025-11-28
u_002388,2025-11-16,
u_002389,2025-11-17,2025-11-18
u_002390,2025-11-17,
u_002391,2025-11-17,2025-11-17
u_002392,2025-11-17,
u_002393,2025-11-17,2025-11-23
u_002394,2025-11-17,2025-12-02
u_002395,2025-11-18,2025-11-21
u_002396,2025-11-18,2025-11-22
u_002397,2025-11-18,
u_002398,2025-11-18,2025-11-27
u_002399,2025-11-19,2025-11-19
u_002400,2025-11-20,2025-11-24
u_002401,2025-11-20,2025-12-02
u_002402,2025-11-21,2025-12-10
u_002403,2025-11-21,2025-11-22
u_002404,2025-11-21,
u_002405,2025-11-22,2025-11-24
u_002406,2025-11-22,2025-11-22
u_002407,2025-11-22,2025-12-10
u_002408,2025-11-22,2025-12-06
u_002409,2025-11-22,
u_002410,2025-11-23,2025-11-25
u_002411,2025-11-23,
u_002412,2025-11-23,
u_002413,2025-11-23,
u_002414,2025-11-23,2025-12-03
u_002415,2025-11-24,2025-12-01
u_002416,2025-11-24,2025-12-04
u_002417,2025-11-25,2025-11-25
u_002418,2025-11-25,2025-12-04
u_002419,2025-11-25,2025-11-26
u_002420,2025-11-25,2025-11-25
u_002421,2025-11-26,2025-12-04
u_002422,2025-11-26,2025-11-29
u_002423,2025-11-26,
u_002424,2025-11-26,2025-12-14
u_002425,2025-11-27,
u_002426,2025-11-27,2025-12-06
u_002427,2025-11-27,
u_002428,2025-11-27,2025-11-27
u_002429,2025-11-27,
u_002430,2025-11-27,2025-12-01
u_002431,2025-11-27,2025-11-28
u_002432,2025-11-28,
u_002433,2025-11-28,2025-12-04
u_002434,2025-11-28,
u_002435,2025-11-28,2025-12-12
u_002436,2025-11-29,
u_002437,2025-11-29,2025-12-10
u_002438,2025-11-29,
u_002439,2025-11-29,
u_002440,2025-11-29,2025-12-08
u_002441,2025-11-29,
u_002442,2025-11-30,
u_002443,2025-11-30,2025-12-10
u_002444,2025-11-30,2025-12-14
u_002445,2025-11-30,
u_002446,2025-11-30,2025-12-03
u_002447,2025-12-01,
u_002448,2025-12-01,2025-12-02
u_002449,2025-12-01,
u_002450,2025-12-01,
u_002451,2025-12-01,2025-12-09
u_002452,2025-12-01,
u_002453,2025-12-01,
u_002454,2025-12-02,
u_002455,2025-12-02,
u_002456,2025-12-02,
u_002457,2025-12-02,
u_002458,2025-12-02,2025-12-14
u_002459,2025-12-02,2025-12-04
u_002460,2025-12-02,2025-12-03
u_002461,2025-12-03,
u_002462,2025-12-03,2025-12-07
u_002463,2025-12-03,
u_002464,2025-12-03,
u_002465,2025-12-03,2025-12-17
u_002466,2025-12-03,2025-12-06
u_002467,2025-12-03,
u_002468,2025-12-04,2025-12-11
u_002469,2025-12-04,
u_002470,2025-12-04,
u_002471,2025-12-04,
u_002472,2025-12-04,
u_002473,2025-12-04,
u_002474,2025-12-04,
u_002475,2025-12-04,
u_002476,2025-12-04,2025-12-07
u_002477,2025-12-04,2025-12-10
u_002478,2025-12-04,2025-12-22
u_002479,2025-12-05,
u_002480,2025-12-05,
u_002481,2025-12-05,2025-12-06
u_002482,2025-12-05,
u_002483,2025-12-05,2025-12-07
u_002484,2025-12-05,2025-12-08
u_002485,2025-12-06,
u_002486,2025-12-06,2025-12-10
u_002487,2025-12-06,
u_002488,2025-12-07,
u_002489,2025-12-07,
u_002490,2025-12-07,
u_002491,2025-12-08,
u_002492,2025-12-08,
u_002493,2025-12-08,
u_002494,2025-12-08,2025-12-19
u_002495,2025-12-08,
u_002496,2025-12-09,
u_002497,2025-12-09,2025-12-12
u_002498,2025-12-09,
u_002499,2025-12-10,
u_002500,2025-12-10,2025-12-14
u_002501,2025-12-10,2026-01-21
u_002502,2025-12-10,
u_002503,2025-12-10,
u_002504,2025-12-10,
u_002505,2025-12-10,2025-12-13
u_002506,2025-12-10,
u_002507,2025-12-10,2025-12-16
u_002508,2025-12-11,
u_002509,2025-12-11,2025-12-18
u_002510,2025-12-11,
u_002511,2025-12-11,
u_002512,2025-12-11,
u_002513,2025-12-11,
u_002514,2025-12-11,
u_002515,2025-12-11,
u_002516,2025-12-12,2025-12-28
u_002517,2025-12-12,
u_002518,2025-12-12,
u_002519,2025-12-12,
u_002520,2025-12-13,
u_002521,2025-12-13,
u_002522,2025-12-13,2025-12-16
u_002523,2025-12-13,2025-12-15
u_002524,2025-12-13,
u_002525,2025-12-13,
u_002526,2025-12-14,2025-12-24
u_002527,2025-12-14,
u_002528,2025-12-14,
u_002529,2025-12-14,2025-12-27
u_002530,2025-12-14,
u_002531,2025-12-14,
u_002532,2025-12-14,
u_002533,2025-12-15,
u_002534,2025-12-15,2025-12-25
u_002535,2025-12-15,2025-12-15
u_002536,2025-12-15,2025-12-19
u_002537,2025-12-15,2025-12-24
u_002538,2025-12-15,2025-12-24
u_002539,2025-12-15,
u_002540,2025-12-16,
u_002541,2025-12-16,2026-01-09
u_002542,2025-12-16,2025-12-22
u_002543,2025-12-16,
u_002544,2025-12-16,
u_002545,2025-12-16,
u_002546,2025-12-16,
u_002547,2025-12-16,
u_002548,2025-12-17,
u_002549,2025-12-17,2025-12-17
u_002550,2025-12-17,2025-12-26
u_002551,2025-12-17,2025-12-23
u_002552,2025-12-17,
u_002553,2025-12-17,
u_002554,2025-12-18,
u_002555,2025-12-18,
u_002556,2025-12-18,
u_002557,2025-12-18,2025-12-18
u_002558,2025-12-18,2025-12-28
u_002559,2025-12-18,2025-12-19
u_002560,2025-12-19,
u_002561,2025-12-19,2025-12-29
u_002562,2025-12-19,2025-12-22
u_002563,2025-12-19,2025-12-24
u_002564,2025-12-19,
u_002565,2025-12-19,2025-12-28
u_002566,2025-12-20,2025-12-21
u_002567,2025-12-20,
u_002568,2025-12-20,
u_002569,2025-12-20,2025-12-22
u_002570,2025-12-20,2025-12-24
u_002571,2025-12-20,
u_002572,2025-12-20,
u_002573,2025-12-21,
u_002574,2025-12-21,2025-12-27
u_002575,2025-12-21,
u_002576,2025-12-21,2025-12-21
u_002577,2025-12-21,
u_002578,2025-12-21,
u_002579,2025-12-22,2025-12-28
u_002580,2025-12-22,
u_002581,2025-12-22,
u_002582,2025-12-22,
u_002583,2025-12-22,
u_002584,2025-12-23,
u_002585,2025-12-23,2025-12-28
u_002586,2025-12-23,
u_002587,2025-12-23,
u_002588,2025-12-23,
u_002589,2025-12-23,
u_002590,2025-12-24,2025-12-25
u_002591,2025-12-24,
u_002592,2025-12-24,2026-01-01
u_002593,2025-12-24,
u_002594,2025-12-24,
u_002595,2025-12-24,
u_002596,2025-12-24,2025-12-29
u_002597,2025-12-25,
u_002598,2025-12-25,2025-12-30
u_002599,2025-12-25,
u_002600,2025-12-25,
u_002601,2025-12-25,2026-01-03
u_002602,2025-12-26,2026-01-01
u_002603,2025-12-26,
u_002604,2025-12-26,2025-12-26
u_002605,2025-12-26,2026-01-10
u_002606,2025-12-27,2025-12-31
u_002607,2025-12-27,2026-01-07
u_002608,2025-12-27,2026-01-05
u_002609,2025-12-27,
u_002610,2025-12-27,2025-12-27
u_002611,2025-12-27,
u_002612,2025-12-28,
u_002613,2025-12-28,
u_002614,2025-12-28,2026-01-09
u_002615,2025-12-28,
u_002616,2025-12-29,2026-01-09
u_002617,2025-12-29,2025-12-29
u_002618,2025-12-29,2026-01-03
u_002619,2025-12-29,
u_002620,2025-12-30,
u_002621,2025-12-30,
u_002622,2025-12-30,2025-12-30
u_002623,2025-12-30,
u_002624,2025-12-30,2025-12-30
u_002625,2025-12-30,2026-01-03
u_002626,2025-12-31,
u_002627,2025-12-31,
u_002628,2025-12-31,
u_002629,2026-01-01,
u_002630,2026-01-01,
u_002631,2026-01-01,
u_002632,2026-01-01,
u_002633,2026-01-01,2026-01-06
u_002634,2026-01-01,2026-01-03
u_002635,2026-01-01,
u_002636,2026-01-02,
u_002637,2026-01-02,
u_002638,2026-01-02,
u_002639,2026-01-02,
u_002640,2026-01-03,
u_002641,2026-01-03,
u_002642,2026-01-03,
u_002643,2026-01-03,
u_002644,2026-01-03,2026-01-04
u_002645,2026-01-03,2026-01-15
u_002646,2026-01-03,2026-01-03
u_002647,2026-01-03,2026-01-03
u_002648,2026-01-03,2026-01-07
u_002649,2026-01-04,
u_002650,2026-01-04,
u_002651,2026-01-04,
u_002652,2026-01-04,2026-01-08
u_002653,2026-01-04,
u_002654,2026-01-04,
u_002655,2026-01-05,2026-01-05
u_002656,2026-01-05,
u_002657,2026-01-05,2026-01-07
u_002658,2026-01-05,
u_002659,2026-01-06,
u_002660,2026-01-06,2026-01-07
u_002661,2026-01-06,2026-01-29
u_002662,2026-01-06,2026-01-11
u_002663,2026-01-06,
u_002664,2026-01-06,2026-01-11
u_002665,2026-01-06,2026-01-18
u_002666,2026-01-06,
u_002667,2026-01-07,
u_002668,2026-01-07,
u_002669,2026-01-07,2026-01-08
u_002670,2026-01-07,2026-01-09
u_002671,2026-01-07,2026-01-12
u_002672,2026-01-08,2026-01-13
u_002673,2026-01-08,2026-01-18
u_002674,2026-01-08,
u_002675,2026-01-08,
u_002676,2026-01-08,2026-01-24
u_002677,2026-01-08,2026-01-10
u_002678,2026-01-08,
u_002679,2026-01-08,
u_002680,2026-01-08,
u_002681,2026-01-09,2026-01-23
u_002682,2026-01-09,
u_002683,2026-01-09,
u_002684,2026-01-09,
u_002685,2026-01-10,2026-01-31
u_002686,2026-01-10,
u_002687,2026-01-10,
u_002688,2026-01-10,2026-01-12
u_002689,2026-01-11,
u_002690,2026-01-11,
u_002691,2026-01-11,2026-01-22
u_002692,2026-01-11,2026-01-17
u_002693,2026-01-11,
u_002694,2026-01-11,2026-01-13
u_002695,2026-01-11,2026-01-20
u_002696,2026-01-11,2026-01-18
u_002697,2026-01-12,
u_002698,2026-01-12,
u_002699,2026-01-12,
u_002700,2026-01-12,
u_002701,2026-01-12,2026-01-12
u_002702,2026-01-12,2026-01-13
u_002703,2026-01-12,
u_002704,2026-01-12,
u_002705,2026-01-13,
u_002706,2026-01-13,
u_002707,2026-01-13,2026-01-16
u_002708,2026-01-13,
u_002709,2026-01-14,2026-01-20
u_002710,2026-01-14,2026-01-17
u_002711,2026-01-15,2026-01-27
u_002712,2026-01-15,
u_002713,2026-01-15,
u_002714,2026-01-16,
u_002715,2026-01-16,
u_002716,2026-01-17,
u_002717,2026-01-17,
u_002718,2026-01-17,
u_002719,2026-01-17,
u_002720,2026-01-17,
u_002721,2026-01-18,2026-01-19
u_002722,2026-01-18,
u_002723,2026-01-18,2026-01-20
u_002724,2026-01-18,
u_002725,2026-01-18,
u_002726,2026-01-18,
u_002727,2026-01-19,2026-01-19
u_002728,2026-01-19,2026-01-23
u_002729,2026-01-20,2026-01-20
u_002730,2026-01-20,
u_002731,2026-01-21,
u_002732,2026-01-21,
u_002733,2026-01-21,2026-01-27
u_002734,2026-01-21,2026-02-17
u_002735,2026-01-22,2026-01-28
u_002736,2026-01-22,2026-01-22
u_002737,2026-01-22,2026-02-01
u_002738,2026-01-22,
u_002739,2026-01-23,2026-01-25
u_002740,2026-01-23,2026-01-30
u_002741,2026-01-23,
u_002742,2026-01-23,
u_002743,2026-01-23,
u_002744,2026-01-23,
u_002745,2026-01-23,
u_002746,2026-01-23,2026-01-25
u_002747,2026-01-23,2026-02-01
u_002748,2026-01-25,
u_002749,2026-01-26,2026-01-29
u_002750,2026-01-26,2026-01-30
u_002751,2026-01-26,
u_002752,2026-01-26,
u_002753,2026-01-27,2026-02-05
u_002754,2026-01-27,2026-02-03
u_002755,2026-01-27,
u_002756,2026-01-27,2026-01-31
u_002757,2026-01-27,2026-02-28
u_002758,2026-01-27,
u_002759,2026-01-28,
u_002760,2026-01-28,2026-01-31
u_002761,2026-01-28,
u_002762,2026-01-29,2026-02-10
u_002763,2026-01-29,2026-01-30
u_002764,2026-01-29,2026-02-02
u_002765,2026-01-29,
u_002766,2026-01-29,2026-01-29
u_002767,2026-01-29,
u_002768,2026-01-30,
u_002769,2026-01-30,2026-02-09
u_002770,2026-01-30,
u_002771,2026-01-30,2026-01-31
u_002772,2026-01-30,
u_002773,2026-01-31,2026-01-31
u_002774,2026-01-31,2026-02-14
u_002775,2026-01-31,
u_002776,2026-01-31,
u_002777,2026-01-31,2026-03-01
u_002778,2026-01-31,
u_002779,2026-01-31,
u_002780,2026-01-31,
u_002781,2026-01-31,
u_002782,2026-02-01,2026-02-04
u_002783,2026-02-01,
u_002784,2026-02-01,
u_002785,2026-02-01,2026-02-09
u_002786,2026-02-01,
u_002787,2026-02-01,2026-02-25
u_002788,2026-02-02,
u_002789,2026-02-02,
u_002790,2026-02-02,
u_002791,2026-02-02,2026-02-04
u_002792,2026-02-02,2026-02-04
u_002793,2026-02-02,
u_002794,2026-02-03,
u_002795,2026-02-03,2026-02-10
u_002796,2026-02-03,
u_002797,2026-02-03,2026-02-17
u_002798,2026-02-03,2026-02-13
u_002799,2026-02-04,
u_002800,2026-02-04,
u_002801,2026-02-04,2026-02-05
u_002802,2026-02-05,
u_002803,2026-02-05,2026-02-09
u_002804,2026-02-06,
u_002805,2026-02-06,2026-02-23
u_002806,2026-02-06,2026-02-13
u_002807,2026-02-06,
u_002808,2026-02-07,
u_002809,2026-02-07,
u_002810,2026-02-08,
u_002811,2026-02-08,
u_002812,2026-02-08,2026-02-11
u_002813,2026-02-09,2026-02-25
u_002814,2026-02-09,2026-02-12
u_002815,2026-02-09,
u_002816,2026-02-09,
u_002817,2026-02-10,
u_002818,2026-02-10,
u_002819,2026-02-10,2026-02-12
u_002820,2026-02-10,
u_002821,2026-02-11,2026-02-15
u_002822,2026-02-11,2026-02-18
u_002823,2026-02-11,2026-02-26
u_002824,2026-02-11,2026-02-24
u_002825,2026-02-11,2026-02-17
u_002826,2026-02-12,2026-02-15
u_002827,2026-02-12,
u_002828,2026-02-13,
u_002829,2026-02-14,
u_002830,2026-02-14,
u_002831,2026-02-14,
u_002832,2026-02-14,2026-03-09
u_002833,2026-02-14,
u_002834,2026-02-15,2026-02-26
u_002835,2026-02-15,
u_002836,2026-02-15,
u_002837,2026-02-15,
u_002838,2026-02-15,2026-02-24
u_002839,2026-02-16,2026-02-19
u_002840,2026-02-16,
u_002841,2026-02-17,
u_002842,2026-02-17,
u_002843,2026-02-17,
u_002844,2026-02-17,2026-02-20
u_002845,2026-02-17,
u_002846,2026-02-17,
u_002847,2026-02-18,2026-02-23
u_002848,2026-02-18,2026-02-20
u_002849,2026-02-19,2026-03-14
u_002850,2026-02-19,2026-03-02
u_002851,2026-02-19,
u_002852,2026-02-19,2026-02-19
u_002853,2026-02-19,2026-03-18
u_002854,2026-02-20,
u_002855,2026-02-20,
u_002856,2026-02-20,
u_002857,2026-02-20,
u_002858,2026-02-20,2026-02-26
u_002859,2026-02-21,
u_002860,2026-02-21,
u_002861,2026-02-21,
u_002862,2026-02-21,
u_002863,2026-02-21,2026-02-22
u_002864,2026-02-21,
u_002865,2026-02-21,2026-03-17
u_002866,2026-02-22,
u_002867,2026-02-23,
u_002868,2026-02-23,
u_002869,2026-02-23,
u_002870,2026-02-24,
u_002871,2026-02-24,2026-02-25
u_002872,2026-02-24,
u_002873,2026-02-24,
u_002874,2026-02-24,
u_002875,2026-02-25,2026-03-03
u_002876,2026-02-27,2026-03-17
u_002877,2026-02-27,2026-03-05
u_002878,2026-02-27,2026-03-04
u_002879,2026-02-27,
u_002880,2026-02-27,2026-03-04
u_002881,2026-02-28,2026-02-28
u_002882,2026-02-28,2026-03-02
u_002883,2026-02-28,
u_002884,2026-02-28,
u_002885,2026-03-01,2026-03-01
u_002886,2026-03-01,2026-03-06
u_002887,2026-03-01,
u_002888,2026-03-01,2026-03-07
u_002889,2026-03-01,2026-03-10
u_002890,2026-03-01,
u_002891,2026-03-01,2026-03-07
u_002892,2026-03-02,
u_002893,2026-03-02,
u_002894,2026-03-02,2026-03-05
u_002895,2026-03-03,
u_002896,2026-03-03,
u_002897,2026-03-03,2026-03-24
u_002898,2026-03-03,2026-03-07
u_002899,2026-03-03,
u_002900,2026-03-03,
u_002901,2026-03-04,2026-03-13
u_002902,2026-03-04,2026-03-05
u_002903,2026-03-05,
u_002904,2026-03-05,2026-03-10
u_002905,2026-03-05,2026-03-11
u_002906,2026-03-05,
u_002907,2026-03-05,2026-03-08
u_002908,2026-03-05,2026-03-17
u_002909,2026-03-06,2026-03-08
u_002910,2026-03-06,
u_002911,2026-03-06,
u_002912,2026-03-06,
u_002913,2026-03-07,2026-03-10
u_002914,2026-03-07,2026-03-13
u_002915,2026-03-07,
u_002916,2026-03-07,
u_002917,2026-03-08,2026-03-18
u_002918,2026-03-09,2026-03-18
u_002919,2026-03-09,
u_002920,2026-03-09,2026-03-15
u_002921,2026-03-09,2026-03-31
u_002922,2026-03-09,
u_002923,2026-03-09,2026-03-12
u_002924,2026-03-09,2026-03-15
u_002925,2026-03-09,2026-03-12
u_002926,2026-03-10,2026-03-20
u_002927,2026-03-10,
u_002928,2026-03-10,
u_002929,2026-03-10,2026-03-21
u_002930,2026-03-10,2026-03-19
u_002931,2026-03-11,2026-03-15
u_002932,2026-03-12,2026-03-19
u_002933,2026-03-12,2026-03-19
u_002934,2026-03-12,2026-03-12
u_002935,2026-03-13,2026-03-20
u_002936,2026-03-13,
u_002937,2026-03-13,2026-03-14
u_002938,2026-03-13,
u_002939,2026-03-13,2026-03-13
u_002940,2026-03-13,2026-03-22
u_002941,2026-03-15,
u_002942,2026-03-15,2026-03-18
u_002943,2026-03-15,2026-03-22
u_002944,2026-03-15,2026-03-21
u_002945,2026-03-15,
u_002946,2026-03-15,2026-03-17
u_002947,2026-03-15,2026-03-19
u_002948,2026-03-16,
u_002949,2026-03-16,2026-03-23
u_002950,2026-03-16,
u_002951,2026-03-16,2026-03-19
u_002952,2026-03-17,2026-03-18
u_002953,2026-03-17,2026-03-26
u_002954,2026-03-18,
u_002955,2026-03-18,2026-03-19
u_002956,2026-03-18,2026-03-25
u_002957,2026-03-18,2026-03-18
u_002958,2026-03-18,
u_002959,2026-03-18,2026-03-25
u_002960,2026-03-18,2026-03-18
u_002961,2026-03-18,2026-03-31
u_002962,2026-03-19,2026-03-19
u_002963,2026-03-20,
u_002964,2026-03-20,
u_002965,2026-03-20,2026-03-20
u_002966,2026-03-21,
u_002967,2026-03-21,2026-03-21
u_002968,2026-03-22,2026-03-25
u_002969,2026-03-22,
u_002970,2026-03-22,2026-03-30
u_002971,2026-03-22,
u_002972,2026-03-23,
u_002973,2026-03-23,
u_002974,2026-03-23,
u_002975,2026-03-24,
u_002976,2026-03-24,
u_002977,2026-03-25,
u_002978,2026-03-25,
u_002979,2026-03-25,
u_002980,2026-03-25,
u_002981,2026-03-25,
u_002982,2026-03-25,2026-03-31
u_002983,2026-03-25,2026-03-31
u_002984,2026-03-26,
u_002985,2026-03-26,
u_002986,2026-03-26,
u_002987,2026-03-26,
u_002988,2026-03-26,
u_002989,2026-03-27,
u_002990,2026-03-27,
u_002991,2026-03-27,
u_002992,2026-03-27,
u_002993,2026-03-28,2026-03-28
u_002994,2026-03-29,
u_002995,2026-03-29,2026-03-30
u_002996,2026-03-29,
u_002997,2026-03-30,
u_002998,2026-03-31,
u_002999,2026-03-31,
