sub_id,user_id,start_date,end_date,plan,price_usd,acquisition_source
s_0000000,u_000001,2024-04-04,2024-09-01,monthly,9.99,social
s_0000001,u_000002,2024-04-04,2024-12-30,monthly,9.99,email
s_0000002,u_000003,2024-04-03,2024-09-30,monthly,9.99,promo
s_0000003,u_000006,2024-04-11,2024-05-11,monthly,9.99,promo
s_0000004,u_000007,2024-04-19,2025-04-21,annual,99.0,social
s_0000005,u_000009,2024-04-02,2024-05-02,monthly,9.99,organic
s_0000006,u_000009,2024-07-19,2024-08-18,monthly,9.99,organic
s_0000007,u_000011,2024-04-29,2024-08-16,annual,99.0,organic
s_0000008,u_000014,2024-04-05,2025-01-24,annual,99.0,organic
s_0000009,u_000016,2024-04-25,2024-05-25,monthly,9.99,organic
s_0000010,u_000016,2024-08-06,2024-12-04,monthly,9.99,organic
s_0000011,u_000017,2024-04-06,2024-07-05,monthly,9.99,referral
s_0000012,u_000018,2024-04-05,2024-07-04,monthly,9.99,social
s_0000013,u_000019,2024-04-05,2024-05-05,monthly,9.99,promo
s_0000014,u_000021,2024-04-28,,annual,99.0,referral
s_0000015,u_000022,2024-04-07,,annual,99.0,email
s_0000016,u_000024,2024-04-11,2024-07-10,monthly,9.99,social
s_0000017,u_000025,2024-04-10,2024-05-10,monthly,9.99,organic
s_0000018,u_000026,2024-04-05,2024-12-31,monthly,9.99,promo
s_0000019,u_000028,2024-04-07,2024-05-07,monthly,9.99,promo
s_0000020,u_000030,2024-04-11,2025-08-04,monthly,9.99,promo
s_0000021,u_000030,2025-09-26,,monthly,9.99,promo
s_0000022,u_000033,2024-04-10,2024-08-08,monthly,9.99,email
s_0000023,u_000035,2024-04-13,,annual,99.0,email
s_0000024,u_000036,2024-04-12,2024-05-12,monthly,9.99,referral
s_0000025,u_000037,2024-04-16,2024-05-16,monthly,9.99,organic
s_0000026,u_000040,2024-04-11,2024-09-08,monthly,9.99,email
s_0000027,u_000042,2024-04-15,2024-10-12,monthly,9.99,organic
s_0000028,u_000045,2024-04-23,2024-05-23,monthly,9.99,referral
s_0000029,u_000047,2024-04-20,2024-12-23,annual,99.0,organic
s_0000030,u_000052,2024-04-15,2024-07-14,monthly,9.99,email
s_0000031,u_000053,2024-04-12,2024-05-12,monthly,9.99,social
s_0000032,u_000056,2024-04-13,2024-05-13,monthly,9.99,social
s_0000033,u_000057,2024-04-21,2024-05-21,monthly,9.99,email
s_0000034,u_000058,2024-04-17,2024-05-17,monthly,9.99,social
s_0000035,u_000060,2024-04-21,,annual,99.0,email
s_0000036,u_000061,2024-04-15,,annual,99.0,organic
s_0000037,u_000066,2024-04-21,2024-05-21,monthly,9.99,email
s_0000038,u_000066,2024-06-06,2024-10-04,monthly,9.99,email
s_0000039,u_000067,2024-04-17,2024-06-16,monthly,9.99,social
s_0000040,u_000069,2024-04-19,2024-05-19,monthly,9.99,social
s_0000041,u_000071,2024-04-21,2025-07-20,annual,99.0,referral
s_0000042,u_000075,2024-05-07,2024-11-29,annual,99.0,promo
s_0000043,u_000078,2024-04-22,2024-05-22,monthly,9.99,referral
s_0000044,u_000080,2024-05-02,2024-06-01,monthly,9.99,email
s_0000045,u_000083,2024-04-26,,annual,99.0,organic
s_0000046,u_000086,2024-04-26,2025-02-12,annual,99.0,social
s_0000047,u_000087,2024-04-21,2024-08-11,annual,99.0,referral
s_0000048,u_000089,2024-04-23,2024-05-23,monthly,9.99,social
s_0000049,u_000091,2024-04-23,2024-08-22,annual,99.0,organic
s_0000050,u_000095,2024-04-21,2024-09-18,monthly,9.99,referral
s_0000051,u_000095,2024-10-09,2025-02-06,monthly,9.99,referral
s_0000052,u_000096,2024-04-22,,annual,99.0,social
s_0000053,u_000099,2024-05-07,2024-06-06,monthly,9.99,email
s_0000054,u_000100,2024-05-07,2024-08-05,monthly,9.99,referral
s_0000055,u_000102,2024-05-03,2024-12-29,monthly,9.99,organic
s_0000056,u_000104,2024-04-28,,annual,99.0,organic
s_0000057,u_000106,2024-05-03,2024-07-02,monthly,9.99,organic
s_0000058,u_000116,2024-04-27,2024-06-26,monthly,9.99,referral
s_0000059,u_000120,2024-05-05,,annual,99.0,organic
s_0000060,u_000121,2024-04-29,2024-05-29,monthly,9.99,social
s_0000061,u_000129,2024-05-28,2026-01-16,annual,99.0,social
s_0000062,u_000130,2024-05-01,2025-02-25,monthly,9.99,referral
s_0000063,u_000130,2025-03-22,2025-08-19,monthly,9.99,referral
s_0000064,u_000131,2024-05-19,2024-08-17,monthly,9.99,social
s_0000065,u_000132,2024-05-06,2024-06-05,monthly,9.99,organic
s_0000066,u_000134,2024-05-14,2025-08-11,annual,99.0,referral
s_0000067,u_000141,2024-05-06,2025-08-24,annual,99.0,promo
s_0000068,u_000146,2024-05-14,2024-06-13,monthly,9.99,social
s_0000069,u_000150,2024-05-13,2024-11-09,monthly,9.99,social
s_0000070,u_000152,2024-05-07,2024-07-06,monthly,9.99,email
s_0000071,u_000155,2024-05-07,2024-08-24,annual,99.0,promo
s_0000072,u_000156,2024-05-21,2024-06-20,monthly,9.99,organic
s_0000073,u_000159,2024-05-08,,annual,99.0,email
s_0000074,u_000161,2024-06-01,2024-10-19,annual,99.0,social
s_0000075,u_000162,2024-05-12,2024-06-11,monthly,9.99,organic
s_0000076,u_000167,2024-05-10,2024-10-07,monthly,9.99,organic
s_0000077,u_000167,2024-11-30,2025-07-28,monthly,9.99,organic
s_0000078,u_000173,2024-05-19,2024-09-16,monthly,9.99,organic
s_0000079,u_000174,2024-05-30,2024-06-29,monthly,9.99,organic
s_0000080,u_000176,2024-05-13,2024-08-11,monthly,9.99,promo
s_0000081,u_000177,2024-05-21,,annual,99.0,social
s_0000082,u_000179,2024-05-17,2025-02-11,monthly,9.99,email
s_0000083,u_000179,2025-04-09,,monthly,9.99,email
s_0000084,u_000183,2024-05-17,2024-07-16,monthly,9.99,social
s_0000085,u_000184,2024-06-01,2024-09-29,monthly,9.99,organic
s_0000086,u_000185,2024-05-28,2024-06-27,monthly,9.99,email
s_0000087,u_000190,2024-05-20,2024-06-19,monthly,9.99,social
s_0000088,u_000190,2024-07-21,2024-08-20,monthly,9.99,social
s_0000089,u_000191,2024-05-23,,annual,99.0,social
s_0000090,u_000195,2024-05-19,,annual,99.0,referral
s_0000091,u_000198,2024-06-03,2024-10-31,monthly,9.99,social
s_0000092,u_000202,2024-05-22,2024-06-21,monthly,9.99,organic
s_0000093,u_000204,2024-05-31,2025-03-14,annual,99.0,organic
s_0000094,u_000207,2024-05-22,2024-06-21,monthly,9.99,social
s_0000095,u_000209,2024-06-05,2025-03-02,monthly,9.99,email
s_0000096,u_000211,2024-06-02,2025-01-12,annual,99.0,organic
s_0000097,u_000212,2024-05-24,2024-10-21,monthly,9.99,organic
s_0000098,u_000215,2024-06-11,2025-01-07,monthly,9.99,social
s_0000099,u_000215,2025-03-18,2025-05-17,monthly,9.99,social
s_0000100,u_000216,2024-05-25,2024-08-23,monthly,9.99,organic
s_0000101,u_000218,2024-06-16,2024-12-04,annual,99.0,social
s_0000102,u_000219,2024-06-14,2025-01-24,annual,99.0,referral
s_0000103,u_000221,2024-05-30,,annual,99.0,email
s_0000104,u_000222,2024-06-03,2025-08-31,annual,99.0,social
s_0000105,u_000225,2024-07-03,2024-12-01,annual,99.0,organic
s_0000106,u_000227,2024-05-30,2024-09-27,monthly,9.99,promo
s_0000107,u_000228,2024-06-05,2024-07-05,monthly,9.99,social
s_0000108,u_000229,2024-06-01,2025-04-27,monthly,9.99,referral
s_0000109,u_000233,2024-06-02,2024-10-29,annual,99.0,organic
s_0000110,u_000234,2024-06-07,2025-02-24,annual,99.0,social
s_0000111,u_000236,2024-06-02,2024-07-02,monthly,9.99,organic
s_0000112,u_000237,2024-05-30,2024-09-27,monthly,9.99,organic
s_0000113,u_000240,2024-06-05,2024-09-03,monthly,9.99,organic
s_0000114,u_000241,2024-05-30,2024-09-16,annual,99.0,promo
s_0000115,u_000243,2024-05-31,,annual,99.0,email
s_0000116,u_000245,2024-06-02,2024-07-02,monthly,9.99,organic
s_0000117,u_000248,2024-06-05,2024-11-02,monthly,9.99,organic
s_0000118,u_000249,2024-06-10,2024-09-08,monthly,9.99,referral
s_0000119,u_000250,2024-06-04,2025-03-01,monthly,9.99,organic
s_0000120,u_000252,2024-06-04,2026-02-10,annual,99.0,organic
s_0000121,u_000258,2024-06-12,2025-07-27,annual,99.0,promo
s_0000122,u_000263,2024-06-24,2024-10-11,annual,99.0,referral
s_0000123,u_000264,2024-06-11,2024-10-09,monthly,9.99,email
s_0000124,u_000265,2024-07-14,2024-08-13,monthly,9.99,email
s_0000125,u_000265,2024-10-26,2025-05-24,monthly,9.99,email
s_0000126,u_000266,2024-06-25,2024-07-25,monthly,9.99,organic
s_0000127,u_000266,2024-08-13,2024-09-12,monthly,9.99,organic
s_0000128,u_000267,2024-06-11,2024-07-11,monthly,9.99,email
s_0000129,u_000268,2024-06-10,2024-09-27,annual,99.0,organic
s_0000130,u_000270,2024-06-14,,annual,99.0,referral
s_0000131,u_000271,2024-06-08,2024-07-08,monthly,9.99,promo
s_0000132,u_000280,2024-06-10,2024-09-27,annual,99.0,social
s_0000133,u_000283,2024-06-12,2025-02-07,monthly,9.99,referral
s_0000134,u_000285,2024-06-17,2024-10-07,annual,99.0,email
s_0000135,u_000286,2024-06-15,2025-02-10,monthly,9.99,social
s_0000136,u_000286,2025-03-24,2025-09-20,monthly,9.99,social
s_0000137,u_000287,2024-06-30,2024-08-29,monthly,9.99,social
s_0000138,u_000290,2024-06-22,2025-01-18,monthly,9.99,referral
s_0000139,u_000296,2024-06-16,2024-08-15,monthly,9.99,promo
s_0000140,u_000296,2024-11-05,2025-03-05,monthly,9.99,promo
s_0000141,u_000297,2024-06-16,2025-02-05,annual,99.0,email
s_0000142,u_000301,2024-06-28,,annual,99.0,social
s_0000143,u_000304,2024-06-22,2024-10-09,annual,99.0,promo
s_0000144,u_000307,2024-06-25,2024-07-25,monthly,9.99,referral
s_0000145,u_000308,2024-06-24,2024-09-22,monthly,9.99,email
s_0000146,u_000309,2024-07-05,2024-08-04,monthly,9.99,organic
s_0000147,u_000309,2024-09-27,2024-12-26,monthly,9.99,organic
s_0000148,u_000311,2024-06-21,2025-05-23,annual,99.0,organic
s_0000149,u_000312,2024-06-21,2024-10-08,annual,99.0,promo
s_0000150,u_000315,2024-07-08,2024-10-25,annual,99.0,social
s_0000151,u_000317,2024-06-24,,annual,99.0,organic
s_0000152,u_000319,2024-06-22,2024-07-22,monthly,9.99,referral
s_0000153,u_000321,2024-06-23,,annual,99.0,social
s_0000154,u_000322,2024-06-28,,annual,99.0,social
s_0000155,u_000324,2024-06-23,2025-02-18,monthly,9.99,email
s_0000156,u_000325,2024-06-27,,annual,99.0,organic
s_0000157,u_000326,2024-06-25,2025-06-20,monthly,9.99,organic
s_0000158,u_000327,2024-06-25,2024-09-23,monthly,9.99,referral
s_0000159,u_000328,2024-06-30,2024-12-27,monthly,9.99,email
s_0000160,u_000330,2024-07-04,2025-10-04,annual,99.0,email
s_0000161,u_000331,2024-06-27,2025-08-20,annual,99.0,organic
s_0000162,u_000336,2024-06-27,2024-09-25,monthly,9.99,social
s_0000163,u_000338,2024-07-09,2024-10-07,monthly,9.99,promo
s_0000164,u_000341,2024-06-28,2025-03-25,monthly,9.99,referral
s_0000165,u_000342,2024-07-02,2025-12-03,annual,99.0,promo
s_0000166,u_000343,2024-07-05,2024-08-04,monthly,9.99,organic
s_0000167,u_000344,2024-06-27,2024-07-27,monthly,9.99,referral
s_0000168,u_000345,2024-07-04,2024-08-03,monthly,9.99,social
s_0000169,u_000346,2024-06-28,2025-02-23,monthly,9.99,social
s_0000170,u_000346,2025-04-30,2025-08-28,monthly,9.99,social
s_0000171,u_000348,2024-07-02,2024-10-30,monthly,9.99,social
s_0000172,u_000348,2025-01-19,2025-03-20,monthly,9.99,social
s_0000173,u_000350,2024-07-09,2024-10-26,annual,99.0,promo
s_0000174,u_000351,2024-06-29,2024-07-29,monthly,9.99,referral
s_0000175,u_000353,2024-06-29,2024-10-27,monthly,9.99,organic
s_0000176,u_000355,2024-07-06,2024-08-05,monthly,9.99,referral
s_0000177,u_000357,2024-07-03,,annual,99.0,organic
s_0000178,u_000359,2024-07-03,2024-08-02,monthly,9.99,social
s_0000179,u_000362,2024-07-03,,annual,99.0,promo
s_0000180,u_000365,2024-07-09,,annual,99.0,referral
s_0000181,u_000369,2024-07-09,2025-05-05,monthly,9.99,organic
s_0000182,u_000370,2024-07-22,2024-08-21,monthly,9.99,promo
s_0000183,u_000371,2024-07-04,,annual,99.0,organic
s_0000184,u_000372,2024-07-05,2024-11-02,monthly,9.99,organic
s_0000185,u_000379,2024-07-10,2025-06-06,annual,99.0,social
s_0000186,u_000386,2024-07-07,2025-02-02,monthly,9.99,social
s_0000187,u_000387,2024-07-28,2024-08-27,monthly,9.99,email
s_0000188,u_000390,2024-07-08,2025-04-04,monthly,9.99,organic
s_0000189,u_000392,2024-07-09,2024-12-06,monthly,9.99,referral
s_0000190,u_000396,2024-07-09,2024-09-07,monthly,9.99,email
s_0000191,u_000398,2024-08-02,2024-09-01,monthly,9.99,promo
s_0000192,u_000400,2024-07-31,2025-01-27,monthly,9.99,organic
s_0000193,u_000402,2024-07-21,,annual,99.0,referral
s_0000194,u_000404,2024-07-16,2025-04-14,annual,99.0,organic
s_0000195,u_000406,2024-07-14,2025-04-10,monthly,9.99,promo
s_0000196,u_000407,2024-08-09,2024-09-08,monthly,9.99,social
s_0000197,u_000408,2024-07-14,,annual,99.0,social
s_0000198,u_000413,2024-07-20,2025-07-04,annual,99.0,referral
s_0000199,u_000414,2024-07-13,2024-10-11,monthly,9.99,social
s_0000200,u_000415,2024-07-16,2025-09-10,annual,99.0,organic
s_0000201,u_000423,2024-07-18,2025-02-13,monthly,9.99,social
s_0000202,u_000424,2024-07-16,2024-08-15,monthly,9.99,social
s_0000203,u_000426,2024-07-19,2026-03-11,monthly,9.99,promo
s_0000204,u_000434,2024-07-22,2024-10-20,monthly,9.99,social
s_0000205,u_000435,2024-07-23,2024-08-22,monthly,9.99,email
s_0000206,u_000436,2024-07-22,2025-04-18,monthly,9.99,organic
s_0000207,u_000437,2024-07-19,2024-08-18,monthly,9.99,organic
s_0000208,u_000439,2024-07-20,2024-10-18,monthly,9.99,email
s_0000209,u_000441,2024-07-21,2024-11-07,annual,99.0,social
s_0000210,u_000444,2024-08-12,,annual,99.0,promo
s_0000211,u_000445,2024-08-08,,annual,99.0,organic
s_0000212,u_000447,2024-08-13,2024-09-12,monthly,9.99,promo
s_0000213,u_000449,2024-07-26,2026-03-13,annual,99.0,organic
s_0000214,u_000450,2024-07-24,2024-11-10,annual,99.0,organic
s_0000215,u_000451,2024-08-06,2024-12-04,monthly,9.99,organic
s_0000216,u_000454,2024-07-25,,annual,99.0,organic
s_0000217,u_000459,2024-07-31,2025-10-01,annual,99.0,social
s_0000218,u_000462,2024-08-03,2024-11-01,monthly,9.99,social
s_0000219,u_000463,2024-08-17,2024-12-04,annual,99.0,promo
s_0000220,u_000464,2024-08-02,2024-09-01,monthly,9.99,social
s_0000221,u_000464,2024-10-08,2025-06-05,monthly,9.99,social
s_0000222,u_000466,2024-07-30,2025-01-19,annual,99.0,organic
s_0000223,u_000468,2024-08-03,,annual,99.0,social
s_0000224,u_000470,2024-08-07,2025-01-07,annual,99.0,organic
s_0000225,u_000472,2024-07-29,2024-08-28,monthly,9.99,organic
s_0000226,u_000474,2024-08-03,2025-05-30,monthly,9.99,email
s_0000227,u_000475,2024-07-31,,annual,99.0,organic
s_0000228,u_000476,2024-07-30,2026-01-04,annual,99.0,organic
s_0000229,u_000477,2024-08-06,,annual,99.0,organic
s_0000230,u_000478,2024-08-04,2024-12-02,monthly,9.99,referral
s_0000231,u_000480,2024-08-10,2024-10-09,monthly,9.99,organic
s_0000232,u_000480,2024-12-20,2025-01-19,monthly,9.99,organic
s_0000233,u_000481,2024-08-08,2025-03-06,monthly,9.99,social
s_0000234,u_000482,2024-08-02,2024-11-30,monthly,9.99,promo
s_0000235,u_000483,2024-08-03,2024-09-02,monthly,9.99,referral
s_0000236,u_000493,2024-08-27,2024-12-14,annual,99.0,email
s_0000237,u_000495,2024-08-06,,annual,99.0,email
s_0000238,u_000497,2024-08-14,2024-10-13,monthly,9.99,organic
s_0000239,u_000502,2024-08-22,2024-09-21,monthly,9.99,social
s_0000240,u_000506,2024-08-09,2024-11-07,monthly,9.99,social
s_0000241,u_000507,2024-08-13,2026-02-28,annual,99.0,referral
s_0000242,u_000508,2024-08-13,2024-10-12,monthly,9.99,organic
s_0000243,u_000515,2024-08-18,2024-09-17,monthly,9.99,organic
s_0000244,u_000519,2024-08-20,2024-10-19,monthly,9.99,organic
s_0000245,u_000520,2024-08-26,2026-01-18,monthly,9.99,referral
s_0000246,u_000521,2024-08-14,2026-01-03,annual,99.0,promo
s_0000247,u_000527,2024-08-31,2025-07-24,annual,99.0,organic
s_0000248,u_000528,2024-08-21,2024-10-20,monthly,9.99,referral
s_0000249,u_000531,2024-08-22,,annual,99.0,email
s_0000250,u_000532,2024-08-22,2025-04-19,monthly,9.99,email
s_0000251,u_000532,2025-07-08,2025-08-07,monthly,9.99,email
s_0000252,u_000536,2024-08-26,2025-08-17,annual,99.0,organic
s_0000253,u_000541,2024-08-28,2025-04-23,annual,99.0,organic
s_0000254,u_000542,2024-09-17,2024-10-17,monthly,9.99,referral
s_0000255,u_000543,2024-08-28,2025-04-25,monthly,9.99,email
s_0000256,u_000544,2024-08-31,2025-04-28,monthly,9.99,organic
s_0000257,u_000544,2025-07-14,2025-09-12,monthly,9.99,organic
s_0000258,u_000546,2024-09-01,2024-10-01,monthly,9.99,social
s_0000259,u_000548,2024-08-29,2024-10-28,monthly,9.99,email
s_0000260,u_000552,2024-08-31,2025-03-29,monthly,9.99,promo
s_0000261,u_000553,2024-09-22,2024-12-21,monthly,9.99,email
s_0000262,u_000554,2024-09-15,2025-07-12,monthly,9.99,referral
s_0000263,u_000555,2024-09-12,2025-05-10,monthly,9.99,email
s_0000264,u_000556,2024-09-13,2025-03-12,monthly,9.99,social
s_0000265,u_000556,2025-04-25,2025-05-25,monthly,9.99,social
s_0000266,u_000560,2024-09-05,2025-08-15,annual,99.0,referral
s_0000267,u_000562,2024-09-05,2025-01-05,annual,99.0,promo
s_0000268,u_000563,2024-09-05,2025-07-02,monthly,9.99,promo
s_0000269,u_000564,2024-09-05,2024-12-04,monthly,9.99,email
s_0000270,u_000565,2024-09-06,2025-06-03,monthly,9.99,email
s_0000271,u_000567,2024-09-07,2025-07-04,monthly,9.99,referral
s_0000272,u_000568,2024-09-16,2024-10-16,monthly,9.99,referral
s_0000273,u_000569,2024-09-15,2025-12-16,annual,99.0,email
s_0000274,u_000571,2024-09-08,2024-11-07,monthly,9.99,promo
s_0000275,u_000574,2024-09-08,2025-04-06,monthly,9.99,promo
s_0000276,u_000575,2024-09-17,2024-12-16,monthly,9.99,referral
s_0000277,u_000575,2025-03-09,2026-01-03,monthly,9.99,referral
s_0000278,u_000576,2024-09-18,2025-02-05,annual,99.0,social
s_0000279,u_000578,2024-09-12,2025-04-10,monthly,9.99,referral
s_0000280,u_000580,2024-09-12,,annual,99.0,email
s_0000281,u_000584,2024-09-09,2025-02-06,monthly,9.99,organic
s_0000282,u_000587,2024-09-08,2024-12-26,annual,99.0,email
s_0000283,u_000589,2024-09-26,2024-10-26,monthly,9.99,promo
s_0000284,u_000590,2024-09-11,2025-05-22,annual,99.0,email
s_0000285,u_000591,2024-09-16,2025-01-03,annual,99.0,promo
s_0000286,u_000594,2024-09-17,2024-10-17,monthly,9.99,email
s_0000287,u_000595,2024-09-10,2024-12-28,annual,99.0,email
s_0000288,u_000596,2024-10-05,2024-12-04,monthly,9.99,referral
s_0000289,u_000599,2024-09-13,2025-02-10,monthly,9.99,organic
s_0000290,u_000604,2024-09-26,2025-02-01,annual,99.0,organic
s_0000291,u_000606,2024-09-19,2025-02-16,monthly,9.99,promo
s_0000292,u_000611,2024-09-16,2024-12-15,monthly,9.99,social
s_0000293,u_000614,2024-10-04,,annual,99.0,social
s_0000294,u_000615,2024-10-04,,annual,99.0,organic
s_0000295,u_000616,2024-10-04,,annual,99.0,email
s_0000296,u_000617,2024-09-28,2024-10-28,monthly,9.99,referral
s_0000297,u_000621,2024-09-27,2025-05-15,annual,99.0,social
s_0000298,u_000622,2024-09-17,,annual,99.0,social
s_0000299,u_000624,2024-09-22,2024-10-22,monthly,9.99,organic
s_0000300,u_000626,2024-09-18,2024-10-18,monthly,9.99,social
s_0000301,u_000627,2024-09-20,2024-11-19,monthly,9.99,referral
s_0000302,u_000628,2024-10-02,2024-11-01,monthly,9.99,email
s_0000303,u_000630,2024-09-22,2024-11-21,monthly,9.99,organic
s_0000304,u_000633,2024-10-03,2025-11-22,annual,99.0,social
s_0000305,u_000634,2024-10-14,2025-04-12,monthly,9.99,organic
s_0000306,u_000635,2024-09-23,2025-12-29,annual,99.0,referral
s_0000307,u_000636,2024-10-02,,annual,99.0,organic
s_0000308,u_000638,2024-10-15,2025-09-01,annual,99.0,organic
s_0000309,u_000639,2024-10-14,2025-03-13,monthly,9.99,organic
s_0000310,u_000643,2024-10-06,2025-10-25,annual,99.0,organic
s_0000311,u_000644,2024-09-27,2024-10-27,monthly,9.99,organic
s_0000312,u_000646,2024-10-09,2025-04-07,monthly,9.99,email
s_0000313,u_000647,2024-10-11,2024-11-10,monthly,9.99,organic
s_0000314,u_000648,2024-11-08,,annual,99.0,referral
s_0000315,u_000649,2024-09-25,,annual,99.0,social
s_0000316,u_000651,2024-09-25,2025-09-20,monthly,9.99,organic
s_0000317,u_000652,2024-09-26,2025-06-15,annual,99.0,social
s_0000318,u_000653,2024-09-25,2024-10-25,monthly,9.99,referral
s_0000319,u_000654,2024-09-28,2024-12-27,monthly,9.99,social
s_0000320,u_000655,2024-09-28,2025-03-27,monthly,9.99,social
s_0000321,u_000660,2024-10-05,2025-06-02,monthly,9.99,promo
s_0000322,u_000662,2024-10-02,2024-11-01,monthly,9.99,email
s_0000323,u_000663,2024-09-29,2024-10-29,monthly,9.99,organic
s_0000324,u_000668,2024-10-01,2024-10-31,monthly,9.99,social
s_0000325,u_000671,2024-10-13,2025-03-12,monthly,9.99,organic
s_0000326,u_000676,2024-10-04,2024-12-03,monthly,9.99,social
s_0000327,u_000681,2024-10-06,2024-11-05,monthly,9.99,organic
s_0000328,u_000682,2024-10-01,2025-01-18,annual,99.0,referral
s_0000329,u_000684,2024-10-06,2024-12-05,monthly,9.99,organic
s_0000330,u_000690,2024-10-12,2025-01-29,annual,99.0,social
s_0000331,u_000691,2024-10-05,2025-01-03,monthly,9.99,organic
s_0000332,u_000693,2024-10-16,2024-11-15,monthly,9.99,email
s_0000333,u_000698,2024-10-20,,annual,99.0,social
s_0000334,u_000702,2024-10-14,2024-11-13,monthly,9.99,organic
s_0000335,u_000704,2024-10-08,,annual,99.0,social
s_0000336,u_000705,2024-10-10,2025-05-05,annual,99.0,organic
s_0000337,u_000709,2024-10-11,2024-11-10,monthly,9.99,organic
s_0000338,u_000709,2025-01-27,2025-02-26,monthly,9.99,organic
s_0000339,u_000710,2024-10-19,2024-11-18,monthly,9.99,email
s_0000340,u_000711,2024-10-10,,annual,99.0,social
s_0000341,u_000714,2024-10-09,2024-12-08,monthly,9.99,organic
s_0000342,u_000715,2024-10-21,2026-02-20,annual,99.0,social
s_0000343,u_000723,2024-10-16,2025-02-13,monthly,9.99,social
s_0000344,u_000725,2024-10-15,2025-02-12,monthly,9.99,email
s_0000345,u_000726,2024-10-11,2024-11-10,monthly,9.99,organic
s_0000346,u_000727,2024-10-22,2025-03-21,monthly,9.99,referral
s_0000347,u_000728,2024-10-19,2025-02-16,monthly,9.99,social
s_0000348,u_000731,2024-10-17,2025-12-05,annual,99.0,social
s_0000349,u_000734,2024-10-15,2024-12-14,monthly,9.99,email
s_0000350,u_000735,2024-10-21,2025-01-19,monthly,9.99,promo
s_0000351,u_000748,2024-11-11,2024-12-11,monthly,9.99,promo
s_0000352,u_000754,2024-10-19,2025-01-17,monthly,9.99,promo
s_0000353,u_000756,2024-10-27,2025-04-22,annual,99.0,organic
s_0000354,u_000760,2024-10-25,2025-11-19,monthly,9.99,social
s_0000355,u_000763,2024-10-22,2024-11-21,monthly,9.99,email
s_0000356,u_000766,2024-10-26,2025-05-24,monthly,9.99,organic
s_0000357,u_000770,2024-10-23,,annual,99.0,social
s_0000358,u_000772,2024-11-15,2024-12-15,monthly,9.99,social
s_0000359,u_000777,2024-11-01,2024-12-01,monthly,9.99,organic
s_0000360,u_000787,2024-10-31,2025-06-28,monthly,9.99,organic
s_0000361,u_000788,2024-10-27,2025-04-06,annual,99.0,social
s_0000362,u_000797,2024-10-29,2025-01-27,monthly,9.99,email
s_0000363,u_000802,2024-11-01,,annual,99.0,promo
s_0000364,u_000803,2024-11-15,2024-12-15,monthly,9.99,social
s_0000365,u_000805,2024-11-05,2025-02-03,monthly,9.99,organic
s_0000366,u_000807,2024-11-17,2024-12-17,monthly,9.99,social
s_0000367,u_000810,2024-11-10,2024-12-10,monthly,9.99,promo
s_0000368,u_000811,2024-11-04,2025-07-07,annual,99.0,referral
s_0000369,u_000815,2024-11-04,2025-02-02,monthly,9.99,social
s_0000370,u_000818,2024-11-05,2025-02-03,monthly,9.99,organic
s_0000371,u_000818,2025-02-25,2025-03-27,monthly,9.99,organic
s_0000372,u_000819,2024-11-07,2025-08-27,annual,99.0,organic
s_0000373,u_000820,2024-11-17,2025-05-16,monthly,9.99,social
s_0000374,u_000823,2024-11-06,2025-05-05,monthly,9.99,organic
s_0000375,u_000824,2024-11-18,2026-02-06,annual,99.0,social
s_0000376,u_000829,2024-11-08,2024-12-08,monthly,9.99,email
s_0000377,u_000829,2025-03-06,2026-01-30,monthly,9.99,email
s_0000378,u_000830,2024-11-13,,annual,99.0,social
s_0000379,u_000832,2024-11-09,,annual,99.0,social
s_0000380,u_000836,2024-11-15,2024-12-15,monthly,9.99,promo
s_0000381,u_000837,2024-11-12,2024-12-12,monthly,9.99,organic
s_0000382,u_000840,2024-11-10,2025-02-08,monthly,9.99,referral
s_0000383,u_000843,2024-11-13,2025-01-12,monthly,9.99,promo
s_0000384,u_000845,2024-11-11,2025-02-09,monthly,9.99,social
s_0000385,u_000851,2024-11-18,2025-05-17,monthly,9.99,social
s_0000386,u_000852,2024-12-06,2025-03-06,monthly,9.99,organic
s_0000387,u_000856,2024-11-13,,annual,99.0,referral
s_0000388,u_000858,2024-11-14,,annual,99.0,social
s_0000389,u_000861,2024-11-18,,annual,99.0,social
s_0000390,u_000865,2024-11-24,2024-12-24,monthly,9.99,organic
s_0000391,u_000867,2024-11-21,2025-06-19,monthly,9.99,promo
s_0000392,u_000869,2024-11-22,2025-04-21,monthly,9.99,social
s_0000393,u_000871,2024-11-29,2024-12-29,monthly,9.99,referral
s_0000394,u_000872,2024-11-20,2025-04-19,monthly,9.99,social
s_0000395,u_000873,2024-11-20,,annual,99.0,referral
s_0000396,u_000879,2024-11-22,2025-05-03,annual,99.0,referral
s_0000397,u_000881,2024-11-24,2025-09-15,annual,99.0,referral
s_0000398,u_000885,2024-11-21,,annual,99.0,referral
s_0000399,u_000887,2024-11-30,2025-05-29,monthly,9.99,promo
s_0000400,u_000891,2024-12-14,2025-08-27,annual,99.0,social
s_0000401,u_000892,2024-12-06,2025-01-05,monthly,9.99,organic
s_0000402,u_000893,2024-11-24,2025-08-21,monthly,9.99,social
s_0000403,u_000895,2024-11-27,2025-05-26,monthly,9.99,organic
s_0000404,u_000897,2024-11-28,2025-03-17,annual,99.0,promo
s_0000405,u_000898,2024-11-26,2025-02-24,monthly,9.99,organic
s_0000406,u_000898,2025-03-14,2025-04-13,monthly,9.99,organic
s_0000407,u_000899,2024-11-29,2024-12-29,monthly,9.99,referral
s_0000408,u_000899,2025-02-16,2025-11-13,monthly,9.99,referral
s_0000409,u_000900,2024-12-03,,annual,99.0,organic
s_0000410,u_000901,2024-12-08,2025-02-06,monthly,9.99,social
s_0000411,u_000904,2024-11-28,2024-12-28,monthly,9.99,email
s_0000412,u_000904,2025-01-29,2025-02-28,monthly,9.99,email
s_0000413,u_000906,2024-11-28,2025-06-26,monthly,9.99,organic
s_0000414,u_000907,2024-12-06,2025-01-05,monthly,9.99,organic
s_0000415,u_000908,2024-11-27,2024-12-27,monthly,9.99,social
s_0000416,u_000909,2024-11-29,2025-03-29,monthly,9.99,promo
s_0000417,u_000916,2024-12-02,2025-04-01,monthly,9.99,organic
s_0000418,u_000920,2024-12-02,,annual,99.0,organic
s_0000419,u_000923,2024-12-13,2025-02-11,monthly,9.99,social
s_0000420,u_000924,2024-12-01,2025-03-31,monthly,9.99,organic
s_0000421,u_000926,2024-12-24,2025-01-23,monthly,9.99,referral
s_0000422,u_000926,2025-03-01,2025-03-31,monthly,9.99,referral
s_0000423,u_000927,2024-12-20,2025-08-29,annual,99.0,referral
s_0000424,u_000932,2024-12-23,2025-09-29,annual,99.0,social
s_0000425,u_000935,2024-12-11,2025-01-10,monthly,9.99,social
s_0000426,u_000937,2024-12-15,2025-05-14,monthly,9.99,promo
s_0000427,u_000938,2024-12-05,2025-01-04,monthly,9.99,email
s_0000428,u_000940,2024-12-08,2025-01-07,monthly,9.99,organic
s_0000429,u_000941,2024-12-09,2025-05-08,monthly,9.99,organic
s_0000430,u_000943,2024-12-27,2025-01-26,monthly,9.99,email
s_0000431,u_000946,2024-12-07,2025-04-06,monthly,9.99,email
s_0000432,u_000947,2024-12-06,2025-05-05,monthly,9.99,social
s_0000433,u_000949,2024-12-16,2025-03-16,monthly,9.99,referral
s_0000434,u_000950,2024-12-08,2025-07-06,monthly,9.99,organic
s_0000435,u_000951,2024-12-28,2025-01-27,monthly,9.99,promo
s_0000436,u_000954,2024-12-10,2025-01-09,monthly,9.99,email
s_0000437,u_000956,2024-12-12,2025-03-31,annual,99.0,organic
s_0000438,u_000957,2024-12-12,2025-07-10,monthly,9.99,email
s_0000439,u_000958,2024-12-08,2025-07-06,monthly,9.99,referral
s_0000440,u_000961,2024-12-09,2025-01-08,monthly,9.99,promo
s_0000441,u_000963,2024-12-11,2025-04-10,monthly,9.99,email
s_0000442,u_000966,2024-12-16,,annual,99.0,social
s_0000443,u_000968,2024-12-15,2025-03-15,monthly,9.99,social
s_0000444,u_000971,2024-12-20,,annual,99.0,referral
s_0000445,u_000972,2024-12-11,,annual,99.0,organic
s_0000446,u_000976,2024-12-15,2025-08-12,monthly,9.99,promo
s_0000447,u_000978,2024-12-15,2025-09-11,monthly,9.99,promo
s_0000448,u_000979,2024-12-27,2025-01-26,monthly,9.99,social
s_0000449,u_000980,2024-12-13,2025-08-10,monthly,9.99,organic
s_0000450,u_000981,2024-12-13,2025-06-11,monthly,9.99,email
s_0000451,u_000982,2024-12-20,2025-03-20,monthly,9.99,promo
s_0000452,u_000983,2024-12-14,2025-05-13,monthly,9.99,organic
s_0000453,u_000986,2024-12-18,2025-04-17,monthly,9.99,social
s_0000454,u_000989,2024-12-16,2025-03-16,monthly,9.99,referral
s_0000455,u_000992,2024-12-15,2025-01-14,monthly,9.99,social
s_0000456,u_000993,2024-12-31,2025-01-30,monthly,9.99,organic
s_0000457,u_000995,2024-12-16,2025-04-15,monthly,9.99,organic
s_0000458,u_000995,2025-06-24,2025-07-24,monthly,9.99,organic
s_0000459,u_000997,2025-01-08,2025-11-04,monthly,9.99,email
s_0000460,u_001000,2024-12-18,2025-01-17,monthly,9.99,promo
s_0000461,u_001001,2024-12-17,,annual,99.0,organic
s_0000462,u_001002,2024-12-17,2025-11-12,monthly,9.99,social
s_0000463,u_001004,2024-12-17,,annual,99.0,organic
s_0000464,u_001005,2024-12-20,2025-01-19,monthly,9.99,referral
s_0000465,u_001008,2024-12-31,2025-03-31,monthly,9.99,referral
s_0000466,u_001009,2025-01-06,2025-08-08,annual,99.0,referral
s_0000467,u_001014,2024-12-22,2025-03-22,monthly,9.99,referral
s_0000468,u_001015,2024-12-18,2025-01-17,monthly,9.99,social
s_0000469,u_001016,2024-12-19,2025-03-19,monthly,9.99,referral
s_0000470,u_001020,2024-12-25,2025-03-25,monthly,9.99,email
s_0000471,u_001020,2025-06-06,2025-07-06,monthly,9.99,email
s_0000472,u_001021,2024-12-20,,annual,99.0,organic
s_0000473,u_001024,2024-12-24,2026-01-22,annual,99.0,social
s_0000474,u_001025,2024-12-28,2025-01-27,monthly,9.99,organic
s_0000475,u_001027,2024-12-28,2025-02-26,monthly,9.99,organic
s_0000476,u_001030,2025-01-11,2025-09-08,monthly,9.99,social
s_0000477,u_001032,2024-12-21,2025-04-20,monthly,9.99,organic
s_0000478,u_001033,2025-01-08,2025-02-07,monthly,9.99,organic
s_0000479,u_001034,2024-12-25,2025-06-15,annual,99.0,organic
s_0000480,u_001035,2024-12-25,2025-07-23,monthly,9.99,organic
s_0000481,u_001036,2024-12-27,2025-02-25,monthly,9.99,social
s_0000482,u_001036,2025-04-17,2025-05-17,monthly,9.99,social
s_0000483,u_001037,2024-12-25,2025-04-24,monthly,9.99,email
s_0000484,u_001037,2025-06-07,2025-09-05,monthly,9.99,email
s_0000485,u_001043,2024-12-25,,annual,99.0,social
s_0000486,u_001044,2025-01-03,2025-04-03,monthly,9.99,organic
s_0000487,u_001045,2024-12-26,2025-01-25,monthly,9.99,promo
s_0000488,u_001051,2024-12-26,2025-04-25,monthly,9.99,email
s_0000489,u_001055,2024-12-28,2025-01-27,monthly,9.99,email
s_0000490,u_001066,2024-12-27,2025-02-25,monthly,9.99,social
s_0000491,u_001068,2024-12-27,,annual,99.0,referral
s_0000492,u_001077,2024-12-29,2025-01-28,monthly,9.99,referral
s_0000493,u_001081,2025-01-02,2025-04-02,monthly,9.99,email
s_0000494,u_001085,2025-01-05,2025-08-28,annual,99.0,social
s_0000495,u_001087,2025-01-11,2025-02-10,monthly,9.99,promo
s_0000496,u_001089,2025-01-02,,annual,99.0,social
s_0000497,u_001091,2024-12-30,2025-08-27,monthly,9.99,promo
s_0000498,u_001093,2024-12-30,,annual,99.0,organic
s_0000499,u_001094,2025-01-10,2025-04-10,monthly,9.99,organic
s_0000500,u_001097,2025-01-06,2025-02-05,monthly,9.99,social
s_0000501,u_001098,2025-01-05,,annual,99.0,social
s_0000502,u_001100,2025-01-08,2025-02-07,monthly,9.99,promo
s_0000503,u_001104,2025-01-05,2025-11-01,monthly,9.99,referral
s_0000504,u_001108,2025-01-07,2025-05-07,monthly,9.99,referral
s_0000505,u_001108,2025-06-29,2025-07-29,monthly,9.99,referral
s_0000506,u_001110,2025-01-03,,annual,99.0,referral
s_0000507,u_001112,2025-01-12,2025-10-09,monthly,9.99,organic
s_0000508,u_001113,2025-01-04,2025-06-03,monthly,9.99,organic
s_0000509,u_001114,2025-01-12,,annual,99.0,referral
s_0000510,u_001115,2025-01-11,,annual,99.0,social
s_0000511,u_001117,2025-01-14,2025-06-13,monthly,9.99,organic
s_0000512,u_001122,2025-02-01,,monthly,9.99,email
s_0000513,u_001124,2025-01-14,2025-09-11,monthly,9.99,email
s_0000514,u_001125,2025-01-06,2025-11-02,monthly,9.99,social
s_0000515,u_001127,2025-01-10,,annual,99.0,email
s_0000516,u_001128,2025-01-10,2025-12-17,annual,99.0,social
s_0000517,u_001129,2025-01-07,2025-04-26,annual,99.0,referral
s_0000518,u_001131,2025-01-10,2025-02-09,monthly,9.99,social
s_0000519,u_001134,2025-01-14,2025-12-21,annual,99.0,organic
s_0000520,u_001135,2025-01-12,2025-02-11,monthly,9.99,organic
s_0000521,u_001138,2025-01-12,2025-04-12,monthly,9.99,organic
s_0000522,u_001142,2025-01-14,2025-05-14,monthly,9.99,email
s_0000523,u_001143,2025-02-09,2025-03-11,monthly,9.99,organic
s_0000524,u_001146,2025-01-13,2025-05-13,monthly,9.99,social
s_0000525,u_001147,2025-01-22,2025-08-15,annual,99.0,email
s_0000526,u_001148,2025-01-14,2025-05-03,annual,99.0,organic
s_0000527,u_001149,2025-01-12,,annual,99.0,organic
s_0000528,u_001150,2025-01-16,2026-03-20,annual,99.0,organic
s_0000529,u_001151,2025-01-15,2025-05-14,annual,99.0,referral
s_0000530,u_001153,2025-01-31,,annual,99.0,email
s_0000531,u_001154,2025-01-17,2025-03-18,monthly,9.99,promo
s_0000532,u_001155,2025-01-16,2025-11-12,monthly,9.99,promo
s_0000533,u_001163,2025-01-26,2025-02-25,monthly,9.99,email
s_0000534,u_001164,2025-01-19,2025-02-18,monthly,9.99,promo
s_0000535,u_001166,2025-01-20,,monthly,9.99,promo
s_0000536,u_001168,2025-02-02,2025-03-04,monthly,9.99,promo
s_0000537,u_001171,2025-01-17,,annual,99.0,organic
s_0000538,u_001173,2025-01-26,2025-06-25,monthly,9.99,referral
s_0000539,u_001174,2025-01-28,2025-06-27,monthly,9.99,organic
s_0000540,u_001175,2025-01-20,2025-02-19,monthly,9.99,promo
s_0000541,u_001177,2025-01-17,2025-02-16,monthly,9.99,referral
s_0000542,u_001179,2025-01-24,,annual,99.0,promo
s_0000543,u_001182,2025-01-20,2025-02-19,monthly,9.99,referral
s_0000544,u_001186,2025-02-06,2025-05-07,monthly,9.99,organic
s_0000545,u_001187,2025-02-04,2025-06-04,monthly,9.99,referral
s_0000546,u_001189,2025-01-24,2025-06-23,monthly,9.99,organic
s_0000547,u_001190,2025-01-21,2025-03-22,monthly,9.99,organic
s_0000548,u_001191,2025-01-21,,annual,99.0,referral
s_0000549,u_001195,2025-01-21,2025-04-21,monthly,9.99,promo
s_0000550,u_001196,2025-02-21,2026-01-05,annual,99.0,organic
s_0000551,u_001197,2025-01-21,,annual,99.0,organic
s_0000552,u_001199,2025-01-24,,annual,99.0,referral
s_0000553,u_001200,2025-01-31,2025-05-01,monthly,9.99,organic
s_0000554,u_001201,2025-02-06,2025-03-08,monthly,9.99,promo
s_0000555,u_001202,2025-02-09,2025-07-12,annual,99.0,referral
s_0000556,u_001204,2025-01-23,2025-05-23,monthly,9.99,social
s_0000557,u_001210,2025-02-04,2025-03-06,monthly,9.99,social
s_0000558,u_001211,2025-01-28,2025-07-27,monthly,9.99,social
s_0000559,u_001214,2025-01-23,,annual,99.0,organic
s_0000560,u_001219,2025-01-26,2025-02-25,monthly,9.99,promo
s_0000561,u_001224,2025-02-01,,monthly,9.99,email
s_0000562,u_001226,2025-02-26,,annual,99.0,social
s_0000563,u_001229,2025-01-25,2025-02-24,monthly,9.99,organic
s_0000564,u_001231,2025-01-29,2025-02-28,monthly,9.99,social
s_0000565,u_001232,2025-02-02,2025-08-01,monthly,9.99,social
s_0000566,u_001233,2025-02-06,2025-06-06,monthly,9.99,social
s_0000567,u_001234,2025-01-27,2025-05-27,monthly,9.99,referral
s_0000568,u_001234,2025-06-16,2025-07-16,monthly,9.99,referral
s_0000569,u_001235,2025-01-28,2025-06-27,monthly,9.99,social
s_0000570,u_001238,2025-02-12,2025-03-14,monthly,9.99,organic
s_0000571,u_001240,2025-01-26,2025-04-26,monthly,9.99,promo
s_0000572,u_001241,2025-01-27,2025-03-28,monthly,9.99,referral
s_0000573,u_001243,2025-02-06,2025-03-08,monthly,9.99,organic
s_0000574,u_001246,2025-01-30,2025-12-26,monthly,9.99,organic
s_0000575,u_001247,2025-01-31,2025-05-01,monthly,9.99,organic
s_0000576,u_001248,2025-02-01,2025-03-03,monthly,9.99,social
s_0000577,u_001249,2025-01-28,2025-04-28,monthly,9.99,promo
s_0000578,u_001250,2025-02-04,2025-07-04,monthly,9.99,social
s_0000579,u_001252,2025-01-31,,annual,99.0,organic
s_0000580,u_001254,2025-02-01,,annual,99.0,organic
s_0000581,u_001255,2025-02-02,,annual,99.0,organic
s_0000582,u_001257,2025-02-13,2025-04-14,monthly,9.99,email
s_0000583,u_001259,2025-02-08,2025-03-10,monthly,9.99,email
s_0000584,u_001266,2025-02-21,2025-03-23,monthly,9.99,referral
s_0000585,u_001267,2025-02-05,2025-09-03,monthly,9.99,email
s_0000586,u_001271,2025-02-02,,annual,99.0,social
s_0000587,u_001273,2025-02-05,2025-03-07,monthly,9.99,promo
s_0000588,u_001273,2025-05-18,2025-07-17,monthly,9.99,promo
s_0000589,u_001275,2025-02-03,2025-03-05,monthly,9.99,organic
s_0000590,u_001278,2025-02-06,2025-03-08,monthly,9.99,email
s_0000591,u_001280,2025-02-10,,annual,99.0,referral
s_0000592,u_001283,2025-02-12,,annual,99.0,promo
s_0000593,u_001285,2025-02-04,2025-04-05,monthly,9.99,organic
s_0000594,u_001286,2025-02-07,,annual,99.0,email
s_0000595,u_001288,2025-02-08,2025-03-10,monthly,9.99,promo
s_0000596,u_001294,2025-02-08,2025-03-10,monthly,9.99,social
s_0000597,u_001296,2025-02-15,2025-06-15,monthly,9.99,referral
s_0000598,u_001297,2025-02-08,,annual,99.0,social
s_0000599,u_001299,2025-02-13,2025-03-15,monthly,9.99,social
s_0000600,u_001305,2025-02-13,2025-03-15,monthly,9.99,organic
s_0000601,u_001307,2025-02-11,2025-03-13,monthly,9.99,organic
s_0000602,u_001308,2025-02-16,2025-03-18,monthly,9.99,organic
s_0000603,u_001309,2025-02-12,2025-12-09,monthly,9.99,organic
s_0000604,u_001310,2025-02-14,,annual,99.0,email
s_0000605,u_001311,2025-02-15,2026-03-18,annual,99.0,referral
s_0000606,u_001312,2025-02-16,2025-11-13,monthly,9.99,organic
s_0000607,u_001312,2026-01-14,2026-02-13,monthly,9.99,organic
s_0000608,u_001316,2025-02-14,2025-10-12,monthly,9.99,social
s_0000609,u_001316,2025-11-16,2026-03-16,monthly,9.99,social
s_0000610,u_001317,2025-02-15,,annual,99.0,social
s_0000611,u_001318,2025-02-28,2025-03-30,monthly,9.99,promo
s_0000612,u_001319,2025-02-16,,annual,99.0,organic
s_0000613,u_001321,2025-02-12,2025-03-14,monthly,9.99,organic
s_0000614,u_001324,2025-02-23,2025-03-25,monthly,9.99,promo
s_0000615,u_001325,2025-02-21,2025-05-22,monthly,9.99,referral
s_0000616,u_001326,2025-02-21,,annual,99.0,organic
s_0000617,u_001328,2025-02-16,,annual,99.0,organic
s_0000618,u_001333,2025-02-15,,annual,99.0,social
s_0000619,u_001334,2025-02-22,2025-09-20,monthly,9.99,social
s_0000620,u_001335,2025-02-24,,annual,99.0,email
s_0000621,u_001337,2025-02-20,2026-01-16,monthly,9.99,organic
s_0000622,u_001340,2025-03-09,2025-09-05,monthly,9.99,promo
s_0000623,u_001341,2025-02-19,2025-09-17,monthly,9.99,email
s_0000624,u_001342,2025-03-03,,annual,99.0,organic
s_0000625,u_001343,2025-02-21,2025-10-19,monthly,9.99,promo
s_0000626,u_001344,2025-02-18,2025-03-20,monthly,9.99,organic
s_0000627,u_001345,2025-02-19,2025-08-15,annual,99.0,organic
s_0000628,u_001349,2025-02-20,2025-10-18,monthly,9.99,email
s_0000629,u_001353,2025-03-03,2025-06-01,monthly,9.99,organic
s_0000630,u_001357,2025-02-22,2025-10-20,monthly,9.99,email
s_0000631,u_001358,2025-02-25,2025-09-23,monthly,9.99,promo
s_0000632,u_001358,2025-11-08,2025-12-08,monthly,9.99,promo
s_0000633,u_001359,2025-03-03,2025-04-02,monthly,9.99,email
s_0000634,u_001359,2025-05-10,2025-07-09,monthly,9.99,email
s_0000635,u_001361,2025-02-27,,annual,99.0,promo
s_0000636,u_001363,2025-02-23,2025-06-12,annual,99.0,email
s_0000637,u_001366,2025-03-22,2025-10-18,monthly,9.99,promo
s_0000638,u_001367,2025-03-10,2025-08-07,monthly,9.99,promo
s_0000639,u_001369,2025-02-27,2025-03-29,monthly,9.99,email
s_0000640,u_001370,2025-03-02,2025-05-31,monthly,9.99,organic
s_0000641,u_001372,2025-02-28,2025-06-17,annual,99.0,referral
s_0000642,u_001373,2025-02-25,2025-07-25,monthly,9.99,email
s_0000643,u_001374,2025-02-26,2025-11-23,monthly,9.99,promo
s_0000644,u_001376,2025-03-01,2025-07-29,monthly,9.99,referral
s_0000645,u_001377,2025-03-01,,monthly,9.99,organic
s_0000646,u_001382,2025-03-07,2025-07-05,monthly,9.99,organic
s_0000647,u_001384,2025-03-12,2025-11-07,monthly,9.99,social
s_0000648,u_001389,2025-03-10,2025-08-07,monthly,9.99,social
s_0000649,u_001395,2025-03-07,,annual,99.0,email
s_0000650,u_001396,2025-03-06,2025-04-05,monthly,9.99,social
s_0000651,u_001399,2025-03-04,2025-04-03,monthly,9.99,promo
s_0000652,u_001403,2025-03-06,,annual,99.0,promo
s_0000653,u_001406,2025-03-20,,annual,99.0,promo
s_0000654,u_001407,2025-03-04,2025-04-03,monthly,9.99,email
s_0000655,u_001408,2025-03-07,,annual,99.0,organic
s_0000656,u_001409,2025-03-16,2025-04-15,monthly,9.99,organic
s_0000657,u_001409,2025-07-01,2026-02-26,monthly,9.99,organic
s_0000658,u_001410,2025-03-13,2025-05-12,monthly,9.99,social
s_0000659,u_001410,2025-06-28,2025-08-27,monthly,9.99,social
s_0000660,u_001412,2025-03-19,2025-04-18,monthly,9.99,social
s_0000661,u_001414,2025-03-15,,annual,99.0,email
s_0000662,u_001415,2025-03-07,2026-01-31,monthly,9.99,referral
s_0000663,u_001416,2025-03-07,,annual,99.0,referral
s_0000664,u_001419,2025-03-15,2025-06-13,monthly,9.99,organic
s_0000665,u_001420,2025-03-11,2025-08-08,monthly,9.99,organic
s_0000666,u_001420,2025-09-12,2026-01-10,monthly,9.99,organic
s_0000667,u_001421,2025-03-11,2025-07-09,monthly,9.99,social
s_0000668,u_001424,2025-03-14,2025-05-13,monthly,9.99,organic
s_0000669,u_001425,2025-03-13,,annual,99.0,organic
s_0000670,u_001427,2025-03-20,2025-04-19,monthly,9.99,promo
s_0000671,u_001428,2025-03-09,,annual,99.0,organic
s_0000672,u_001436,2025-03-12,2025-04-11,monthly,9.99,referral
s_0000673,u_001444,2025-03-16,,monthly,9.99,social
s_0000674,u_001445,2025-03-15,2026-02-28,annual,99.0,email
s_0000675,u_001447,2025-03-17,2025-07-15,monthly,9.99,email
s_0000676,u_001449,2025-03-16,2025-04-15,monthly,9.99,social
s_0000677,u_001450,2025-03-26,2025-10-22,monthly,9.99,promo
s_0000678,u_001452,2025-04-13,2025-05-13,monthly,9.99,social
s_0000679,u_001453,2025-04-04,,annual,99.0,email
s_0000680,u_001459,2025-03-30,,monthly,9.99,social
s_0000681,u_001461,2025-03-17,,annual,99.0,promo
s_0000682,u_001462,2025-03-22,2025-04-21,monthly,9.99,organic
s_0000683,u_001464,2025-03-26,2025-07-24,monthly,9.99,organic
s_0000684,u_001468,2025-03-19,2025-04-18,monthly,9.99,organic
s_0000685,u_001470,2025-03-23,2025-05-22,monthly,9.99,social
s_0000686,u_001473,2025-03-20,,annual,99.0,referral
s_0000687,u_001480,2025-04-12,2025-12-08,monthly,9.99,email
s_0000688,u_001481,2025-03-25,2025-06-23,monthly,9.99,social
s_0000689,u_001484,2025-04-02,2025-09-29,monthly,9.99,organic
s_0000690,u_001484,2025-12-04,,monthly,9.99,organic
s_0000691,u_001485,2025-03-23,2025-09-29,annual,99.0,promo
s_0000692,u_001487,2025-03-27,2025-04-26,monthly,9.99,organic
s_0000693,u_001489,2025-03-24,2025-09-20,monthly,9.99,organic
s_0000694,u_001490,2025-03-27,2025-04-26,monthly,9.99,referral
s_0000695,u_001491,2025-03-25,2025-07-23,monthly,9.99,email
s_0000696,u_001492,2025-04-01,2025-05-01,monthly,9.99,referral
s_0000697,u_001495,2025-03-29,2025-07-27,monthly,9.99,organic
s_0000698,u_001496,2025-03-27,2026-02-20,monthly,9.99,organic
s_0000699,u_001500,2025-03-27,2025-07-14,annual,99.0,organic
s_0000700,u_001502,2025-04-13,2025-05-13,monthly,9.99,social
s_0000701,u_001504,2025-03-30,,monthly,9.99,referral
s_0000702,u_001505,2025-03-30,2025-04-29,monthly,9.99,email
s_0000703,u_001507,2025-03-28,,annual,99.0,organic
s_0000704,u_001508,2025-03-31,2025-05-30,monthly,9.99,promo
s_0000705,u_001509,2025-03-30,,annual,99.0,social
s_0000706,u_001510,2025-03-28,2025-04-27,monthly,9.99,email
s_0000707,u_001511,2025-04-01,,annual,99.0,social
s_0000708,u_001516,2025-03-30,2025-06-28,monthly,9.99,social
s_0000709,u_001517,2025-03-30,,annual,99.0,promo
s_0000710,u_001518,2025-03-31,2025-10-10,annual,99.0,organic
s_0000711,u_001519,2025-03-29,2025-04-28,monthly,9.99,organic
s_0000712,u_001523,2025-03-31,2026-03-26,monthly,9.99,promo
s_0000713,u_001527,2025-04-19,2025-08-13,annual,99.0,referral
s_0000714,u_001529,2025-04-06,,annual,99.0,organic
s_0000715,u_001532,2025-04-07,2025-05-07,monthly,9.99,organic
s_0000716,u_001535,2025-04-12,2025-06-11,monthly,9.99,organic
s_0000717,u_001536,2025-04-05,2025-06-04,monthly,9.99,email
s_0000718,u_001537,2025-05-01,2025-09-28,monthly,9.99,promo
s_0000719,u_001538,2025-04-05,2025-09-02,monthly,9.99,referral
s_0000720,u_001539,2025-04-14,2025-06-13,monthly,9.99,email
s_0000721,u_001540,2025-05-02,2025-06-01,monthly,9.99,social
s_0000722,u_001541,2025-04-05,2025-12-31,monthly,9.99,email
s_0000723,u_001542,2025-04-05,2025-06-04,monthly,9.99,referral
s_0000724,u_001542,2025-07-05,2025-09-03,monthly,9.99,referral
s_0000725,u_001550,2025-04-27,2025-08-14,annual,99.0,organic
s_0000726,u_001551,2025-04-10,2025-10-22,annual,99.0,organic
s_0000727,u_001552,2025-04-10,2025-05-10,monthly,9.99,referral
s_0000728,u_001553,2025-04-09,2025-11-01,annual,99.0,social
s_0000729,u_001556,2025-04-09,2025-09-06,monthly,9.99,promo
s_0000730,u_001558,2025-04-12,2025-05-12,monthly,9.99,organic
s_0000731,u_001558,2025-06-07,2025-07-07,monthly,9.99,organic
s_0000732,u_001560,2025-04-12,2025-10-09,monthly,9.99,social
s_0000733,u_001561,2025-04-11,2025-07-29,annual,99.0,organic
s_0000734,u_001564,2025-05-01,2025-05-31,monthly,9.99,organic
s_0000735,u_001567,2025-04-15,2025-06-14,monthly,9.99,promo
s_0000736,u_001569,2025-04-15,2025-05-15,monthly,9.99,email
s_0000737,u_001570,2025-04-16,2025-07-15,monthly,9.99,referral
s_0000738,u_001573,2025-04-13,2025-05-13,monthly,9.99,referral
s_0000739,u_001575,2025-04-17,2025-06-16,monthly,9.99,organic
s_0000740,u_001578,2025-04-15,2025-08-13,monthly,9.99,promo
s_0000741,u_001582,2025-04-21,2025-11-17,monthly,9.99,referral
s_0000742,u_001584,2025-04-22,2025-09-19,monthly,9.99,email
s_0000743,u_001585,2025-04-28,2025-08-26,monthly,9.99,promo
s_0000744,u_001586,2025-04-26,2025-08-24,monthly,9.99,referral
s_0000745,u_001588,2025-04-16,2025-06-15,monthly,9.99,social
s_0000746,u_001589,2025-04-22,2026-01-17,monthly,9.99,promo
s_0000747,u_001591,2025-04-18,2025-12-14,monthly,9.99,organic
s_0000748,u_001593,2025-04-17,2025-05-17,monthly,9.99,organic
s_0000749,u_001593,2025-06-05,2025-07-05,monthly,9.99,organic
s_0000750,u_001594,2025-04-24,2025-12-20,monthly,9.99,organic
s_0000751,u_001598,2025-04-22,,annual,99.0,email
s_0000752,u_001599,2025-04-24,2025-05-24,monthly,9.99,email
s_0000753,u_001600,2025-05-14,,annual,99.0,email
s_0000754,u_001603,2025-04-22,2025-05-22,monthly,9.99,organic
s_0000755,u_001603,2025-06-14,,monthly,9.99,organic
s_0000756,u_001604,2025-04-27,2025-11-23,monthly,9.99,organic
s_0000757,u_001606,2025-04-28,,annual,99.0,organic
s_0000758,u_001609,2025-04-25,2025-05-25,monthly,9.99,promo
s_0000759,u_001611,2025-05-12,,annual,99.0,promo
s_0000760,u_001612,2025-04-25,2025-05-25,monthly,9.99,promo
s_0000761,u_001617,2025-04-23,,annual,99.0,promo
s_0000762,u_001621,2025-05-02,2025-06-01,monthly,9.99,email
s_0000763,u_001625,2025-04-23,2025-05-23,monthly,9.99,social
s_0000764,u_001628,2025-04-28,2025-05-28,monthly,9.99,referral
s_0000765,u_001629,2025-05-13,2025-10-10,monthly,9.99,email
s_0000766,u_001629,2025-11-23,,monthly,9.99,email
s_0000767,u_001630,2025-04-28,,annual,99.0,organic
s_0000768,u_001633,2025-05-07,2025-08-05,monthly,9.99,organic
s_0000769,u_001634,2025-04-25,2025-05-25,monthly,9.99,organic
s_0000770,u_001634,2025-06-14,,monthly,9.99,organic
s_0000771,u_001638,2025-05-08,2025-06-07,monthly,9.99,referral
s_0000772,u_001639,2025-04-28,2025-06-27,monthly,9.99,social
s_0000773,u_001639,2025-08-31,2025-09-30,monthly,9.99,social
s_0000774,u_001640,2025-04-29,2025-05-29,monthly,9.99,organic
s_0000775,u_001642,2025-05-30,2026-03-26,monthly,9.99,referral
s_0000776,u_001643,2025-05-01,2025-08-29,monthly,9.99,referral
s_0000777,u_001644,2025-04-27,,annual,99.0,organic
s_0000778,u_001645,2025-04-28,2025-05-28,monthly,9.99,organic
s_0000779,u_001645,2025-07-04,2025-08-03,monthly,9.99,organic
s_0000780,u_001647,2025-06-14,2025-07-14,monthly,9.99,organic
s_0000781,u_001649,2025-05-03,2025-08-31,monthly,9.99,organic
s_0000782,u_001649,2025-11-14,2025-12-14,monthly,9.99,organic
s_0000783,u_001655,2025-05-03,2025-06-02,monthly,9.99,promo
s_0000784,u_001656,2025-05-13,,annual,99.0,social
s_0000785,u_001658,2025-05-01,2025-05-31,monthly,9.99,social
s_0000786,u_001661,2025-05-02,,annual,99.0,social
s_0000787,u_001662,2025-05-18,2025-07-17,monthly,9.99,organic
s_0000788,u_001664,2025-05-01,2025-08-18,annual,99.0,email
s_0000789,u_001667,2025-05-03,2025-06-02,monthly,9.99,organic
s_0000790,u_001668,2025-05-09,2025-06-08,monthly,9.99,organic
s_0000791,u_001669,2025-05-09,,annual,99.0,promo
s_0000792,u_001671,2025-05-07,2025-06-06,monthly,9.99,referral
s_0000793,u_001677,2025-05-11,,annual,99.0,organic
s_0000794,u_001679,2025-05-06,2025-06-05,monthly,9.99,email
s_0000795,u_001680,2025-05-12,,annual,99.0,social
s_0000796,u_001682,2025-05-09,2025-12-05,monthly,9.99,promo
s_0000797,u_001685,2025-06-14,,annual,99.0,referral
s_0000798,u_001686,2025-05-24,2025-10-21,monthly,9.99,organic
s_0000799,u_001688,2025-05-09,2025-12-05,monthly,9.99,social
s_0000800,u_001692,2025-05-11,2025-07-10,monthly,9.99,promo
s_0000801,u_001693,2025-05-22,2025-11-18,monthly,9.99,promo
s_0000802,u_001698,2025-05-12,2025-10-09,monthly,9.99,organic
s_0000803,u_001704,2025-05-14,,annual,99.0,email
s_0000804,u_001708,2025-06-13,2026-01-09,monthly,9.99,organic
s_0000805,u_001710,2025-05-19,2025-06-18,monthly,9.99,promo
s_0000806,u_001713,2025-05-21,2025-11-17,monthly,9.99,promo
s_0000807,u_001714,2025-05-19,2025-06-18,monthly,9.99,organic
s_0000808,u_001715,2025-05-21,,monthly,9.99,referral
s_0000809,u_001719,2025-05-22,2025-11-18,monthly,9.99,organic
s_0000810,u_001720,2025-05-22,2025-06-21,monthly,9.99,promo
s_0000811,u_001721,2025-05-19,2025-06-18,monthly,9.99,email
s_0000812,u_001722,2025-05-18,2025-06-17,monthly,9.99,referral
s_0000813,u_001723,2025-05-17,,annual,99.0,referral
s_0000814,u_001728,2025-05-20,,annual,99.0,email
s_0000815,u_001731,2025-05-24,2025-10-03,annual,99.0,social
s_0000816,u_001735,2025-05-22,2025-07-21,monthly,9.99,email
s_0000817,u_001736,2025-05-22,2026-02-07,annual,99.0,social
s_0000818,u_001737,2025-05-23,2025-11-28,annual,99.0,social
s_0000819,u_001742,2025-05-26,2025-06-25,monthly,9.99,email
s_0000820,u_001745,2025-06-01,2025-07-01,monthly,9.99,organic
s_0000821,u_001746,2025-05-29,2025-07-28,monthly,9.99,social
s_0000822,u_001752,2025-05-31,,annual,99.0,promo
s_0000823,u_001755,2025-05-31,2025-11-27,monthly,9.99,social
s_0000824,u_001758,2025-05-30,,monthly,9.99,promo
s_0000825,u_001763,2025-06-01,2025-08-30,monthly,9.99,referral
s_0000826,u_001764,2025-06-10,2026-02-05,monthly,9.99,organic
s_0000827,u_001766,2025-06-01,2026-03-28,monthly,9.99,organic
s_0000828,u_001770,2025-06-09,2025-07-09,monthly,9.99,referral
s_0000829,u_001771,2025-06-03,2025-07-03,monthly,9.99,organic
s_0000830,u_001772,2025-06-01,2026-03-06,annual,99.0,referral
s_0000831,u_001773,2025-06-09,2026-02-04,monthly,9.99,social
s_0000832,u_001774,2025-06-06,2025-09-23,annual,99.0,organic
s_0000833,u_001777,2025-06-03,,annual,99.0,referral
s_0000834,u_001779,2025-06-08,2025-08-07,monthly,9.99,email
s_0000835,u_001780,2025-06-11,,annual,99.0,social
s_0000836,u_001782,2025-06-17,2025-07-17,monthly,9.99,email
s_0000837,u_001783,2025-07-14,,monthly,9.99,social
s_0000838,u_001784,2025-06-18,2026-01-14,monthly,9.99,email
s_0000839,u_001786,2025-06-15,,annual,99.0,organic
s_0000840,u_001802,2025-06-16,,annual,99.0,social
s_0000841,u_001803,2025-06-11,2026-01-07,monthly,9.99,referral
s_0000842,u_001803,2026-02-10,2026-03-12,monthly,9.99,referral
s_0000843,u_001804,2025-06-09,,annual,99.0,social
s_0000844,u_001806,2025-06-19,2025-09-17,monthly,9.99,social
s_0000845,u_001809,2025-06-20,2025-12-17,monthly,9.99,promo
s_0000846,u_001812,2025-06-12,,annual,99.0,social
s_0000847,u_001815,2025-06-14,2025-07-14,monthly,9.99,social
s_0000848,u_001817,2025-06-27,,annual,99.0,organic
s_0000849,u_001818,2025-06-14,,annual,99.0,promo
s_0000850,u_001824,2025-06-27,,annual,99.0,promo
s_0000851,u_001827,2025-06-22,2026-01-18,monthly,9.99,referral
s_0000852,u_001828,2025-06-27,2025-10-14,annual,99.0,promo
s_0000853,u_001830,2025-06-18,2025-08-17,monthly,9.99,referral
s_0000854,u_001831,2025-06-26,,annual,99.0,organic
s_0000855,u_001832,2025-06-22,,annual,99.0,referral
s_0000856,u_001833,2025-06-24,2025-07-24,monthly,9.99,social
s_0000857,u_001837,2025-06-24,2025-10-16,annual,99.0,social
s_0000858,u_001842,2025-06-19,2025-10-17,monthly,9.99,email
s_0000859,u_001844,2025-06-19,2025-07-19,monthly,9.99,organic
s_0000860,u_001846,2025-06-26,2025-09-24,monthly,9.99,organic
s_0000861,u_001847,2025-06-21,2025-07-21,monthly,9.99,organic
s_0000862,u_001849,2025-06-25,2025-08-24,monthly,9.99,promo
s_0000863,u_001849,2025-09-29,,monthly,9.99,promo
s_0000864,u_001850,2025-06-22,2025-07-22,monthly,9.99,referral
s_0000865,u_001852,2025-06-24,2026-03-21,monthly,9.99,email
s_0000866,u_001854,2025-06-30,2025-11-25,annual,99.0,organic
s_0000867,u_001855,2025-06-28,,annual,99.0,promo
s_0000868,u_001859,2025-06-24,2026-01-20,monthly,9.99,referral
s_0000869,u_001861,2025-06-26,2025-07-26,monthly,9.99,promo
s_0000870,u_001863,2025-07-02,,monthly,9.99,email
s_0000871,u_001865,2025-07-01,2026-01-30,annual,99.0,organic
s_0000872,u_001866,2025-07-08,,monthly,9.99,organic
s_0000873,u_001872,2025-07-04,2025-10-02,monthly,9.99,social
s_0000874,u_001875,2025-07-15,,annual,99.0,email
s_0000875,u_001876,2025-06-29,,annual,99.0,email
s_0000876,u_001877,2025-06-29,2025-07-29,monthly,9.99,referral
s_0000877,u_001879,2025-06-30,2025-12-27,monthly,9.99,referral
s_0000878,u_001881,2025-08-09,2025-11-07,monthly,9.99,social
s_0000879,u_001881,2025-12-15,,monthly,9.99,social
s_0000880,u_001882,2025-07-04,2026-03-01,monthly,9.99,social
s_0000881,u_001883,2025-07-04,,annual,99.0,promo
s_0000882,u_001886,2025-07-01,2025-07-31,monthly,9.99,promo
s_0000883,u_001886,2025-10-15,,monthly,9.99,promo
s_0000884,u_001889,2025-07-18,2025-08-17,monthly,9.99,organic
s_0000885,u_001890,2025-07-02,2025-12-29,monthly,9.99,social
s_0000886,u_001891,2025-07-09,2025-09-07,monthly,9.99,social
s_0000887,u_001892,2025-07-02,2025-08-01,monthly,9.99,organic
s_0000888,u_001892,2025-10-24,2026-01-22,monthly,9.99,organic
s_0000889,u_001893,2025-07-09,2025-11-21,annual,99.0,email
s_0000890,u_001894,2025-07-09,2025-10-07,monthly,9.99,social
s_0000891,u_001900,2025-07-08,2025-08-07,monthly,9.99,social
s_0000892,u_001901,2025-07-06,2025-10-04,monthly,9.99,email
s_0000893,u_001904,2025-07-13,2025-10-30,annual,99.0,email
s_0000894,u_001908,2025-07-07,,annual,99.0,promo
s_0000895,u_001909,2025-08-18,2025-10-17,monthly,9.99,promo
s_0000896,u_001910,2025-07-13,2026-01-09,monthly,9.99,social
s_0000897,u_001912,2025-07-14,2025-08-13,monthly,9.99,organic
s_0000898,u_001913,2025-07-17,2025-08-16,monthly,9.99,email
s_0000899,u_001915,2025-07-17,2025-11-03,annual,99.0,email
s_0000900,u_001919,2025-07-15,,annual,99.0,organic
s_0000901,u_001920,2025-07-11,2025-11-18,annual,99.0,organic
s_0000902,u_001921,2025-07-13,,annual,99.0,promo
s_0000903,u_001923,2025-07-15,2025-11-12,monthly,9.99,organic
s_0000904,u_001924,2025-07-14,,annual,99.0,email
s_0000905,u_001927,2025-07-12,2025-11-09,monthly,9.99,social
s_0000906,u_001928,2025-07-15,2025-08-14,monthly,9.99,email
s_0000907,u_001930,2025-07-17,,monthly,9.99,promo
s_0000908,u_001933,2025-07-17,,annual,99.0,social
s_0000909,u_001934,2025-07-14,,monthly,9.99,promo
s_0000910,u_001938,2025-07-17,2025-12-14,monthly,9.99,promo
s_0000911,u_001939,2025-07-17,2025-09-15,monthly,9.99,referral
s_0000912,u_001940,2025-07-25,2026-01-21,monthly,9.99,email
s_0000913,u_001948,2025-07-17,2025-08-16,monthly,9.99,organic
s_0000914,u_001949,2025-07-16,2025-08-15,monthly,9.99,social
s_0000915,u_001950,2025-07-16,2025-08-15,monthly,9.99,organic
s_0000916,u_001950,2025-10-04,,monthly,9.99,organic
s_0000917,u_001952,2025-07-21,2025-09-19,monthly,9.99,email
s_0000918,u_001955,2025-07-19,2025-11-16,monthly,9.99,organic
s_0000919,u_001956,2025-07-21,,annual,99.0,organic
s_0000920,u_001959,2025-07-30,,annual,99.0,referral
s_0000921,u_001963,2025-08-05,2025-09-04,monthly,9.99,social
s_0000922,u_001966,2025-07-23,2025-08-22,monthly,9.99,referral
s_0000923,u_001971,2025-07-25,2025-12-22,monthly,9.99,social
s_0000924,u_001975,2025-07-30,,monthly,9.99,social
s_0000925,u_001977,2025-07-24,,annual,99.0,promo
s_0000926,u_001980,2025-07-25,2025-10-23,monthly,9.99,organic
s_0000927,u_001981,2025-07-26,,annual,99.0,social
s_0000928,u_001983,2025-07-29,,annual,99.0,email
s_0000929,u_001985,2025-07-29,2025-10-27,monthly,9.99,referral
s_0000930,u_001986,2025-08-09,,annual,99.0,organic
s_0000931,u_001989,2025-07-28,,annual,99.0,social
s_0000932,u_001991,2025-08-06,2025-11-04,monthly,9.99,social
s_0000933,u_001992,2025-07-30,,annual,99.0,organic
s_0000934,u_001993,2025-07-30,2026-03-27,monthly,9.99,organic
s_0000935,u_001995,2025-08-05,2025-11-03,monthly,9.99,organic
s_0000936,u_001999,2025-08-02,2025-09-01,monthly,9.99,promo
s_0000937,u_002000,2025-08-10,2025-09-09,monthly,9.99,social
s_0000938,u_002001,2025-08-05,2026-02-01,monthly,9.99,promo
s_0000939,u_002002,2025-08-02,,annual,99.0,organic
s_0000940,u_002004,2025-08-11,2026-03-07,annual,99.0,social
s_0000941,u_002014,2025-08-12,2025-11-10,monthly,9.99,referral
s_0000942,u_002015,2025-08-16,2025-11-14,monthly,9.99,organic
s_0000943,u_002018,2025-08-11,2025-10-10,monthly,9.99,organic
s_0000944,u_002018,2026-01-03,2026-02-02,monthly,9.99,organic
s_0000945,u_002020,2025-08-15,2025-12-13,monthly,9.99,referral
s_0000946,u_002021,2025-08-17,2026-03-20,annual,99.0,promo
s_0000947,u_002024,2025-09-06,2025-12-05,monthly,9.99,organic
s_0000948,u_002030,2025-08-21,,annual,99.0,email
s_0000949,u_002031,2025-08-16,,annual,99.0,organic
s_0000950,u_002032,2025-09-01,,monthly,9.99,social
s_0000951,u_002033,2025-08-17,2025-09-16,monthly,9.99,referral
s_0000952,u_002034,2025-08-18,2025-10-17,monthly,9.99,organic
s_0000953,u_002035,2025-08-19,2025-12-17,monthly,9.99,organic
s_0000954,u_002036,2025-08-20,2025-09-19,monthly,9.99,organic
s_0000955,u_002037,2025-09-23,2026-03-22,monthly,9.99,email
s_0000956,u_002038,2025-08-28,2025-10-27,monthly,9.99,organic
s_0000957,u_002040,2025-09-11,2025-10-11,monthly,9.99,promo
s_0000958,u_002041,2025-09-15,,annual,99.0,organic
s_0000959,u_002044,2025-08-23,2025-11-21,monthly,9.99,organic
s_0000960,u_002044,2026-01-06,2026-02-05,monthly,9.99,organic
s_0000961,u_002049,2025-08-24,,monthly,9.99,organic
s_0000962,u_002050,2025-09-21,2026-01-08,annual,99.0,email
s_0000963,u_002053,2025-08-27,2026-03-25,monthly,9.99,organic
s_0000964,u_002054,2025-10-03,,monthly,9.99,social
s_0000965,u_002059,2025-09-01,2026-03-30,monthly,9.99,email
s_0000966,u_002061,2025-09-01,,annual,99.0,organic
s_0000967,u_002065,2025-09-07,2026-01-05,monthly,9.99,promo
s_0000968,u_002067,2025-09-02,2025-10-02,monthly,9.99,organic
s_0000969,u_002068,2025-09-18,2026-02-15,monthly,9.99,referral
s_0000970,u_002074,2025-09-03,2026-03-02,monthly,9.99,organic
s_0000971,u_002084,2025-09-05,2025-12-04,monthly,9.99,promo
s_0000972,u_002085,2025-09-10,,annual,99.0,organic
s_0000973,u_002090,2025-09-08,2025-12-07,monthly,9.99,promo
s_0000974,u_002092,2025-09-06,,monthly,9.99,social
s_0000975,u_002093,2025-09-08,2025-12-07,monthly,9.99,social
s_0000976,u_002096,2025-09-20,,annual,99.0,social
s_0000977,u_002098,2025-09-21,2025-10-21,monthly,9.99,organic
s_0000978,u_002099,2025-09-27,,annual,99.0,promo
s_0000979,u_002101,2025-10-02,2025-12-01,monthly,9.99,email
s_0000980,u_002102,2025-09-13,2025-11-12,monthly,9.99,referral
s_0000981,u_002103,2025-09-23,2025-10-23,monthly,9.99,organic
s_0000982,u_002103,2026-01-05,,monthly,9.99,organic
s_0000983,u_002104,2025-09-21,,annual,99.0,social
s_0000984,u_002105,2025-09-26,,monthly,9.99,referral
s_0000985,u_002106,2025-09-17,2025-10-17,monthly,9.99,social
s_0000986,u_002109,2025-10-03,,annual,99.0,referral
s_0000987,u_002113,2025-09-18,2026-02-15,monthly,9.99,referral
s_0000988,u_002116,2025-09-19,2025-10-19,monthly,9.99,organic
s_0000989,u_002118,2025-10-03,2026-01-20,annual,99.0,organic
s_0000990,u_002121,2025-09-20,,monthly,9.99,organic
s_0000991,u_002126,2025-09-21,2025-12-20,monthly,9.99,promo
s_0000992,u_002127,2025-10-02,2025-12-31,monthly,9.99,social
s_0000993,u_002128,2025-09-21,,annual,99.0,organic
s_0000994,u_002130,2025-10-02,2025-11-01,monthly,9.99,social
s_0000995,u_002131,2025-10-14,,monthly,9.99,social
s_0000996,u_002132,2025-09-23,2025-10-23,monthly,9.99,social
s_0000997,u_002132,2025-11-23,2025-12-23,monthly,9.99,social
s_0000998,u_002135,2025-10-04,,annual,99.0,social
s_0000999,u_002139,2025-09-26,,annual,99.0,social
s_0001000,u_002141,2025-09-25,2026-02-22,monthly,9.99,organic
s_0001001,u_002142,2025-09-27,,annual,99.0,organic
s_0001002,u_002143,2025-09-25,,annual,99.0,social
s_0001003,u_002145,2025-09-29,2025-10-29,monthly,9.99,social
s_0001004,u_002145,2026-01-26,2026-02-25,monthly,9.99,social
s_0001005,u_002146,2025-09-26,,annual,99.0,promo
s_0001006,u_002147,2025-09-24,,annual,99.0,email
s_0001007,u_002149,2025-09-25,2025-10-25,monthly,9.99,organic
s_0001008,u_002150,2025-09-28,2025-11-27,monthly,9.99,organic
s_0001009,u_002150,2025-12-21,,monthly,9.99,organic
s_0001010,u_002154,2025-10-02,2025-12-31,monthly,9.99,organic
s_0001011,u_002156,2025-10-07,,annual,99.0,organic
s_0001012,u_002163,2025-10-07,2025-11-06,monthly,9.99,social
s_0001013,u_002173,2025-10-07,,monthly,9.99,promo
s_0001014,u_002174,2025-10-09,2025-11-08,monthly,9.99,social
s_0001015,u_002176,2025-10-06,2025-12-05,monthly,9.99,email
s_0001016,u_002177,2025-10-17,2025-11-16,monthly,9.99,promo
s_0001017,u_002178,2025-10-15,2026-02-01,annual,99.0,organic
s_0001018,u_002182,2025-10-05,,annual,99.0,social
s_0001019,u_002185,2025-10-04,2025-12-03,monthly,9.99,organic
s_0001020,u_002186,2025-10-05,2026-01-03,monthly,9.99,social
s_0001021,u_002187,2025-10-07,2025-11-06,monthly,9.99,email
s_0001022,u_002190,2025-10-05,2025-12-04,monthly,9.99,social
s_0001023,u_002194,2025-10-06,2025-11-05,monthly,9.99,referral
s_0001024,u_002195,2025-10-10,,annual,99.0,organic
s_0001025,u_002197,2025-10-13,,monthly,9.99,referral
s_0001026,u_002199,2025-10-05,2026-02-02,monthly,9.99,organic
s_0001027,u_002200,2025-10-05,2026-02-02,monthly,9.99,organic
s_0001028,u_002201,2025-10-04,2025-12-03,monthly,9.99,organic
s_0001029,u_002202,2025-10-15,2025-11-14,monthly,9.99,email
s_0001030,u_002203,2025-10-16,,monthly,9.99,email
s_0001031,u_002204,2025-10-06,,annual,99.0,social
s_0001032,u_002205,2025-10-08,2025-11-07,monthly,9.99,organic
s_0001033,u_002206,2025-10-29,2025-11-28,monthly,9.99,social
s_0001034,u_002208,2025-10-08,2025-11-07,monthly,9.99,referral
s_0001035,u_002209,2025-10-07,2025-12-06,monthly,9.99,email
s_0001036,u_002210,2025-10-08,,annual,99.0,social
s_0001037,u_002214,2025-10-09,2026-02-02,annual,99.0,organic
s_0001038,u_002215,2025-10-09,2025-11-08,monthly,9.99,referral
s_0001039,u_002216,2025-10-15,,monthly,9.99,email
s_0001040,u_002217,2025-10-09,2026-01-26,annual,99.0,social
s_0001041,u_002219,2025-10-14,,monthly,9.99,email
s_0001042,u_002230,2025-10-13,2025-11-12,monthly,9.99,organic
s_0001043,u_002231,2025-10-23,,monthly,9.99,organic
s_0001044,u_002234,2025-10-23,2025-11-22,monthly,9.99,organic
s_0001045,u_002238,2025-10-16,2026-02-16,annual,99.0,organic
s_0001046,u_002241,2025-10-23,2026-02-09,annual,99.0,promo
s_0001047,u_002245,2025-10-17,2025-12-16,monthly,9.99,organic
s_0001048,u_002247,2025-11-02,,annual,99.0,referral
s_0001049,u_002248,2025-10-19,2026-01-17,monthly,9.99,organic
s_0001050,u_002252,2025-10-26,2025-11-25,monthly,9.99,social
s_0001051,u_002254,2025-10-21,2025-11-20,monthly,9.99,social
s_0001052,u_002255,2025-10-24,2025-11-23,monthly,9.99,email
s_0001053,u_002261,2025-11-07,2026-02-05,monthly,9.99,social
s_0001054,u_002262,2025-11-04,2025-12-04,monthly,9.99,social
s_0001055,u_002263,2025-11-17,2026-03-17,monthly,9.99,organic
s_0001056,u_002264,2025-11-04,2026-01-03,monthly,9.99,organic
s_0001057,u_002266,2025-10-22,2025-11-21,monthly,9.99,email
s_0001058,u_002267,2025-11-01,,annual,99.0,organic
s_0001059,u_002270,2025-10-23,,annual,99.0,promo
s_0001060,u_002271,2025-10-24,2026-03-24,annual,99.0,organic
s_0001061,u_002272,2025-11-20,2026-02-18,monthly,9.99,organic
s_0001062,u_002273,2025-10-23,2025-11-22,monthly,9.99,organic
s_0001063,u_002274,2025-10-26,2025-12-25,monthly,9.99,organic
s_0001064,u_002275,2025-10-26,,annual,99.0,referral
s_0001065,u_002279,2025-10-30,2025-11-29,monthly,9.99,organic
s_0001066,u_002282,2025-10-30,,monthly,9.99,email
s_0001067,u_002285,2025-10-30,2025-12-29,monthly,9.99,email
s_0001068,u_002288,2025-11-01,2025-12-31,monthly,9.99,email
s_0001069,u_002290,2025-11-24,2025-12-24,monthly,9.99,referral
s_0001070,u_002291,2025-10-27,2026-01-25,monthly,9.99,organic
s_0001071,u_002295,2025-11-12,2025-12-12,monthly,9.99,promo
s_0001072,u_002297,2025-10-29,2026-02-15,annual,99.0,social
s_0001073,u_002298,2025-11-11,,monthly,9.99,promo
s_0001074,u_002303,2025-11-11,2025-12-11,monthly,9.99,social
s_0001075,u_002303,2026-02-21,,monthly,9.99,social
s_0001076,u_002306,2025-11-04,,annual,99.0,social
s_0001077,u_002307,2025-11-04,2026-03-10,annual,99.0,referral
s_0001078,u_002309,2025-11-28,,annual,99.0,social
s_0001079,u_002310,2025-11-01,,annual,99.0,referral
s_0001080,u_002311,2025-11-01,2026-03-01,monthly,9.99,email
s_0001081,u_002312,2025-11-06,,monthly,9.99,email
s_0001082,u_002313,2025-11-12,2026-01-11,monthly,9.99,referral
s_0001083,u_002315,2025-11-06,2026-02-04,monthly,9.99,referral
s_0001084,u_002316,2025-11-04,,annual,99.0,email
s_0001085,u_002318,2025-11-03,,annual,99.0,organic
s_0001086,u_002319,2025-11-20,2025-12-20,monthly,9.99,email
s_0001087,u_002323,2025-11-22,,annual,99.0,social
s_0001088,u_002324,2025-11-08,,monthly,9.99,organic
s_0001089,u_002325,2025-11-20,,monthly,9.99,organic
s_0001090,u_002329,2025-11-17,2026-02-15,monthly,9.99,referral
s_0001091,u_002330,2025-11-04,,monthly,9.99,email
s_0001092,u_002332,2025-11-05,,annual,99.0,organic
s_0001093,u_002335,2025-11-20,,annual,99.0,email
s_0001094,u_002337,2025-11-09,,annual,99.0,organic
s_0001095,u_002338,2025-11-11,2026-01-10,monthly,9.99,organic
s_0001096,u_002339,2025-11-07,,annual,99.0,social
s_0001097,u_002342,2025-11-10,2025-12-10,monthly,9.99,promo
s_0001098,u_002344,2025-12-20,2026-02-18,monthly,9.99,organic
s_0001099,u_002347,2025-11-11,,monthly,9.99,email
s_0001100,u_002350,2025-11-13,2025-12-13,monthly,9.99,organic
s_0001101,u_002351,2025-11-15,2025-12-15,monthly,9.99,organic
s_0001102,u_002352,2025-11-26,2026-01-25,monthly,9.99,organic
s_0001103,u_002353,2025-11-17,2025-12-17,monthly,9.99,organic
s_0001104,u_002354,2025-11-12,2026-01-11,monthly,9.99,referral
s_0001105,u_002355,2025-11-13,2026-01-12,monthly,9.99,social
s_0001106,u_002358,2025-11-10,2026-02-08,monthly,9.99,email
s_0001107,u_002362,2025-11-14,2026-01-13,monthly,9.99,organic
s_0001108,u_002363,2025-11-16,,monthly,9.99,email
s_0001109,u_002369,2025-11-17,,annual,99.0,social
s_0001110,u_002370,2025-11-16,,annual,99.0,referral
s_0001111,u_002373,2025-11-18,2025-12-18,monthly,9.99,organic
s_0001112,u_002374,2025-11-24,,monthly,9.99,promo
s_0001113,u_002375,2025-11-20,,monthly,9.99,social
s_0001114,u_002376,2025-11-18,,monthly,9.99,email
s_0001115,u_002379,2025-11-17,,annual,99.0,email
s_0001116,u_002380,2025-11-17,,monthly,9.99,social
s_0001117,u_002382,2025-11-26,2026-02-24,monthly,9.99,social
s_0001118,u_002383,2025-11-19,2026-03-26,annual,99.0,email
s_0001119,u_002384,2025-11-19,2025-12-19,monthly,9.99,social
s_0001120,u_002385,2025-11-26,,monthly,9.99,social
s_0001121,u_002386,2025-11-23,,monthly,9.99,organic
s_0001122,u_002387,2025-11-28,,annual,99.0,referral
s_0001123,u_002389,2025-11-18,2025-12-18,monthly,9.99,organic
s_0001124,u_002391,2025-11-17,2025-12-17,monthly,9.99,organic
s_0001125,u_002393,2025-11-23,2025-12-23,monthly,9.99,promo
s_0001126,u_002394,2025-12-02,2026-03-02,monthly,9.99,organic
s_0001127,u_002395,2025-11-21,,annual,99.0,promo
s_0001128,u_002396,2025-11-22,,annual,99.0,social
s_0001129,u_002398,2025-11-27,,annual,99.0,referral
s_0001130,u_002399,2025-11-19,,annual,99.0,social
s_0001131,u_002400,2025-11-24,,annual,99.0,promo
s_0001132,u_002401,2025-12-02,,annual,99.0,organic
s_0001133,u_002402,2025-12-10,2026-01-09,monthly,9.99,email
s_0001134,u_002403,2025-11-22,,annual,99.0,referral
s_0001135,u_002405,2025-11-24,2026-03-24,monthly,9.99,social
s_0001136,u_002406,2025-11-22,,annual,99.0,social
s_0001137,u_002407,2025-12-10,,annual,99.0,organic
s_0001138,u_002408,2025-12-06,2026-01-05,monthly,9.99,email
s_0001139,u_002408,2026-02-15,,monthly,9.99,email
s_0001140,u_002410,2025-11-25,2026-01-24,monthly,9.99,social
s_0001141,u_002414,2025-12-03,,annual,99.0,promo
s_0001142,u_002415,2025-12-01,,monthly,9.99,referral
s_0001143,u_002416,2025-12-04,,annual,99.0,email
s_0001144,u_002417,2025-11-25,,annual,99.0,referral
s_0001145,u_002418,2025-12-04,2026-02-02,monthly,9.99,organic
s_0001146,u_002419,2025-11-26,,monthly,9.99,referral
s_0001147,u_002420,2025-11-25,2026-03-25,monthly,9.99,social
s_0001148,u_002421,2025-12-04,2026-03-23,annual,99.0,promo
s_0001149,u_002422,2025-11-29,2025-12-29,monthly,9.99,social
s_0001150,u_002424,2025-12-14,,annual,99.0,social
s_0001151,u_002426,2025-12-06,,annual,99.0,organic
s_0001152,u_002428,2025-11-27,,annual,99.0,social
s_0001153,u_002430,2025-12-01,,monthly,9.99,organic
s_0001154,u_002431,2025-11-28,2026-01-27,monthly,9.99,organic
s_0001155,u_002433,2025-12-04,,annual,99.0,promo
s_0001156,u_002435,2025-12-12,,annual,99.0,organic
s_0001157,u_002437,2025-12-10,2026-01-09,monthly,9.99,organic
s_0001158,u_002440,2025-12-08,2026-03-08,monthly,9.99,email
s_0001159,u_002443,2025-12-10,,annual,99.0,organic
s_0001160,u_002444,2025-12-14,2026-02-12,monthly,9.99,social
s_0001161,u_002446,2025-12-03,,monthly,9.99,referral
s_0001162,u_002448,2025-12-02,2026-03-21,annual,99.0,social
s_0001163,u_002451,2025-12-09,,monthly,9.99,organic
s_0001164,u_002458,2025-12-14,2026-01-13,monthly,9.99,organic
s_0001165,u_002459,2025-12-04,,monthly,9.99,social
s_0001166,u_002460,2025-12-03,2026-01-02,monthly,9.99,referral
s_0001167,u_002462,2025-12-07,,monthly,9.99,organic
s_0001168,u_002465,2025-12-17,2026-03-17,monthly,9.99,referral
s_0001169,u_002466,2025-12-06,2026-02-04,monthly,9.99,promo
s_0001170,u_002468,2025-12-11,,annual,99.0,social
s_0001171,u_002476,2025-12-07,2026-01-06,monthly,9.99,promo
s_0001172,u_002477,2025-12-10,2026-03-29,annual,99.0,referral
s_0001173,u_002478,2025-12-22,2026-01-21,monthly,9.99,promo
s_0001174,u_002481,2025-12-06,,annual,99.0,organic
s_0001175,u_002483,2025-12-07,2026-03-26,annual,99.0,social
s_0001176,u_002484,2025-12-08,,monthly,9.99,referral
s_0001177,u_002486,2025-12-10,2026-03-29,annual,99.0,organic
s_0001178,u_002494,2025-12-19,,annual,99.0,referral
s_0001179,u_002497,2025-12-12,2026-01-11,monthly,9.99,social
s_0001180,u_002497,2026-02-26,,monthly,9.99,social
s_0001181,u_002500,2025-12-14,2026-01-13,monthly,9.99,referral
s_0001182,u_002501,2026-01-21,2026-02-20,monthly,9.99,organic
s_0001183,u_002505,2025-12-13,,monthly,9.99,promo
s_0001184,u_002507,2025-12-16,2026-01-15,monthly,9.99,social
s_0001185,u_002509,2025-12-18,2026-01-17,monthly,9.99,organic
s_0001186,u_002516,2025-12-28,,annual,99.0,organic
s_0001187,u_002522,2025-12-16,,annual,99.0,organic
s_0001188,u_002523,2025-12-15,,annual,99.0,social
s_0001189,u_002526,2025-12-24,,annual,99.0,promo
s_0001190,u_002529,2025-12-27,2026-01-26,monthly,9.99,referral
s_0001191,u_002534,2025-12-25,,monthly,9.99,referral
s_0001192,u_002535,2025-12-15,,annual,99.0,organic
s_0001193,u_002536,2025-12-19,,monthly,9.99,organic
s_0001194,u_002537,2025-12-24,2026-03-24,monthly,9.99,promo
s_0001195,u_002538,2025-12-24,2026-01-23,monthly,9.99,social
s_0001196,u_002541,2026-01-09,2026-02-08,monthly,9.99,email
s_0001197,u_002542,2025-12-22,,monthly,9.99,organic
s_0001198,u_002549,2025-12-17,,annual,99.0,social
s_0001199,u_002550,2025-12-26,,annual,99.0,social
s_0001200,u_002551,2025-12-23,2026-02-21,monthly,9.99,organic
s_0001201,u_002557,2025-12-18,,monthly,9.99,organic
s_0001202,u_002558,2025-12-28,,annual,99.0,promo
s_0001203,u_002559,2025-12-19,2026-02-17,monthly,9.99,social
s_0001204,u_002561,2025-12-29,,monthly,9.99,organic
s_0001205,u_002562,2025-12-22,,monthly,9.99,social
s_0001206,u_002563,2025-12-24,2026-01-23,monthly,9.99,organic
s_0001207,u_002565,2025-12-28,,monthly,9.99,organic
s_0001208,u_002566,2025-12-21,2026-01-20,monthly,9.99,social
s_0001209,u_002569,2025-12-22,,annual,99.0,organic
s_0001210,u_002570,2025-12-24,,annual,99.0,organic
s_0001211,u_002574,2025-12-27,,annual,99.0,email
s_0001212,u_002576,2025-12-21,2026-02-19,monthly,9.99,organic
s_0001213,u_002579,2025-12-28,,monthly,9.99,referral
s_0001214,u_002585,2025-12-28,,annual,99.0,organic
s_0001215,u_002590,2025-12-25,,annual,99.0,social
s_0001216,u_002592,2026-01-01,,monthly,9.99,organic
s_0001217,u_002596,2025-12-29,,annual,99.0,email
s_0001218,u_002598,2025-12-30,,annual,99.0,organic
s_0001219,u_002601,2026-01-03,,monthly,9.99,referral
s_0001220,u_002602,2026-01-01,,annual,99.0,organic
s_0001221,u_002604,2025-12-26,2026-02-24,monthly,9.99,promo
s_0001222,u_002605,2026-01-10,,monthly,9.99,promo
s_0001223,u_002606,2025-12-31,,monthly,9.99,promo
s_0001224,u_002607,2026-01-07,,monthly,9.99,organic
s_0001225,u_002608,2026-01-05,2026-02-04,monthly,9.99,referral
s_0001226,u_002610,2025-12-27,,annual,99.0,organic
s_0001227,u_002614,2026-01-09,,monthly,9.99,social
s_0001228,u_002616,2026-01-09,,monthly,9.99,referral
s_0001229,u_002617,2025-12-29,2026-01-28,monthly,9.99,referral
s_0001230,u_002618,2026-01-03,,annual,99.0,social
s_0001231,u_002622,2025-12-30,2026-01-29,monthly,9.99,organic
s_0001232,u_002624,2025-12-30,2026-01-29,monthly,9.99,referral
s_0001233,u_002625,2026-01-03,,annual,99.0,referral
s_0001234,u_002633,2026-01-06,,annual,99.0,email
s_0001235,u_002634,2026-01-03,,monthly,9.99,email
s_0001236,u_002644,2026-01-04,,annual,99.0,organic
s_0001237,u_002645,2026-01-15,,annual,99.0,organic
s_0001238,u_002646,2026-01-03,2026-02-02,monthly,9.99,organic
s_0001239,u_002647,2026-01-03,,annual,99.0,organic
s_0001240,u_002648,2026-01-07,,annual,99.0,promo
s_0001241,u_002652,2026-01-08,2026-02-07,monthly,9.99,social
s_0001242,u_002655,2026-01-05,,annual,99.0,email
s_0001243,u_002657,2026-01-07,,annual,99.0,email
s_0001244,u_002660,2026-01-07,2026-02-06,monthly,9.99,referral
s_0001245,u_002661,2026-01-29,,annual,99.0,organic
s_0001246,u_002662,2026-01-11,2026-03-12,monthly,9.99,organic
s_0001247,u_002664,2026-01-11,,annual,99.0,referral
s_0001248,u_002665,2026-01-18,,monthly,9.99,organic
s_0001249,u_002669,2026-01-08,,annual,99.0,referral
s_0001250,u_002670,2026-01-09,2026-02-08,monthly,9.99,social
s_0001251,u_002671,2026-01-12,,annual,99.0,social
s_0001252,u_002672,2026-01-13,,annual,99.0,social
s_0001253,u_002673,2026-01-18,2026-02-17,monthly,9.99,referral
s_0001254,u_002676,2026-01-24,2026-02-23,monthly,9.99,social
s_0001255,u_002677,2026-01-10,2026-02-09,monthly,9.99,social
s_0001256,u_002681,2026-01-23,,annual,99.0,promo
s_0001257,u_002685,2026-01-31,2026-03-02,monthly,9.99,promo
s_0001258,u_002688,2026-01-12,,annual,99.0,organic
s_0001259,u_002691,2026-01-22,,monthly,9.99,social
s_0001260,u_002692,2026-01-17,,monthly,9.99,organic
s_0001261,u_002694,2026-01-13,,annual,99.0,organic
s_0001262,u_002695,2026-01-20,,monthly,9.99,organic
s_0001263,u_002696,2026-01-18,2026-03-19,monthly,9.99,referral
s_0001264,u_002701,2026-01-12,,monthly,9.99,referral
s_0001265,u_002702,2026-01-13,,monthly,9.99,social
s_0001266,u_002707,2026-01-16,2026-02-15,monthly,9.99,organic
s_0001267,u_002709,2026-01-20,,monthly,9.99,email
s_0001268,u_002710,2026-01-17,,annual,99.0,promo
s_0001269,u_002711,2026-01-27,2026-02-26,monthly,9.99,email
s_0001270,u_002721,2026-01-19,,monthly,9.99,referral
s_0001271,u_002723,2026-01-20,2026-03-21,monthly,9.99,promo
s_0001272,u_002727,2026-01-19,,annual,99.0,organic
s_0001273,u_002728,2026-01-23,,annual,99.0,email
s_0001274,u_002729,2026-01-20,,monthly,9.99,email
s_0001275,u_002733,2026-01-27,,monthly,9.99,email
s_0001276,u_002734,2026-02-17,,monthly,9.99,social
s_0001277,u_002735,2026-01-28,,annual,99.0,organic
s_0001278,u_002736,2026-01-22,,monthly,9.99,social
s_0001279,u_002737,2026-02-01,2026-03-03,monthly,9.99,organic
s_0001280,u_002739,2026-01-25,2026-02-24,monthly,9.99,social
s_0001281,u_002740,2026-01-30,,annual,99.0,organic
s_0001282,u_002746,2026-01-25,,annual,99.0,email
s_0001283,u_002747,2026-02-01,2026-03-03,monthly,9.99,social
s_0001284,u_002749,2026-01-29,,monthly,9.99,organic
s_0001285,u_002750,2026-01-30,2026-03-01,monthly,9.99,social
s_0001286,u_002753,2026-02-05,,annual,99.0,email
s_0001287,u_002754,2026-02-03,,annual,99.0,social
s_0001288,u_002756,2026-01-31,,annual,99.0,social
s_0001289,u_002757,2026-02-28,,monthly,9.99,email
s_0001290,u_002760,2026-01-31,,annual,99.0,organic
s_0001291,u_002762,2026-02-10,,monthly,9.99,organic
s_0001292,u_002763,2026-01-30,,annual,99.0,promo
s_0001293,u_002764,2026-02-02,,monthly,9.99,email
s_0001294,u_002766,2026-01-29,,monthly,9.99,referral
s_0001295,u_002769,2026-02-09,,annual,99.0,social
s_0001296,u_002771,2026-01-31,,annual,99.0,social
s_0001297,u_002773,2026-01-31,,monthly,9.99,organic
s_0001298,u_002774,2026-02-14,2026-03-16,monthly,9.99,organic
s_0001299,u_002777,2026-03-01,,monthly,9.99,organic
s_0001300,u_002782,2026-02-04,,monthly,9.99,social
s_0001301,u_002785,2026-02-09,,annual,99.0,promo
s_0001302,u_002787,2026-02-25,,monthly,9.99,referral
s_0001303,u_002791,2026-02-04,2026-03-06,monthly,9.99,email
s_0001304,u_002792,2026-02-04,,monthly,9.99,social
s_0001305,u_002795,2026-02-10,2026-03-12,monthly,9.99,email
s_0001306,u_002797,2026-02-17,2026-03-19,monthly,9.99,organic
s_0001307,u_002798,2026-02-13,,monthly,9.99,referral
s_0001308,u_002801,2026-02-05,2026-03-07,monthly,9.99,referral
s_0001309,u_002803,2026-02-09,,annual,99.0,social
s_0001310,u_002805,2026-02-23,,annual,99.0,promo
s_0001311,u_002806,2026-02-13,,monthly,9.99,social
s_0001312,u_002812,2026-02-11,,monthly,9.99,promo
s_0001313,u_002813,2026-02-25,2026-03-27,monthly,9.99,referral
s_0001314,u_002814,2026-02-12,,annual,99.0,referral
s_0001315,u_002819,2026-02-12,2026-03-14,monthly,9.99,email
s_0001316,u_002821,2026-02-15,2026-03-17,monthly,9.99,organic
s_0001317,u_002822,2026-02-18,,annual,99.0,social
s_0001318,u_002823,2026-02-26,,monthly,9.99,organic
s_0001319,u_002824,2026-02-24,,monthly,9.99,email
s_0001320,u_002825,2026-02-17,,monthly,9.99,promo
s_0001321,u_002826,2026-02-15,,monthly,9.99,organic
s_0001322,u_002832,2026-03-09,,annual,99.0,social
s_0001323,u_002834,2026-02-26,,annual,99.0,email
s_0001324,u_002838,2026-02-24,,monthly,9.99,promo
s_0001325,u_002839,2026-02-19,2026-03-21,monthly,9.99,referral
s_0001326,u_002844,2026-02-20,,monthly,9.99,organic
s_0001327,u_002847,2026-02-23,2026-03-25,monthly,9.99,email
s_0001328,u_002848,2026-02-20,2026-03-22,monthly,9.99,organic
s_0001329,u_002849,2026-03-14,,annual,99.0,social
s_0001330,u_002850,2026-03-02,,annual,99.0,organic
s_0001331,u_002852,2026-02-19,,annual,99.0,email
s_0001332,u_002853,2026-03-18,,monthly,9.99,email
s_0001333,u_002858,2026-02-26,,monthly,9.99,email
s_0001334,u_002863,2026-02-22,,annual,99.0,social
s_0001335,u_002865,2026-03-17,,monthly,9.99,referral
s_0001336,u_002871,2026-02-25,,annual,99.0,referral
s_0001337,u_002875,2026-03-03,,monthly,9.99,email
s_0001338,u_002876,2026-03-17,,monthly,9.99,organic
s_0001339,u_002877,2026-03-05,,annual,99.0,promo
s_0001340,u_002878,2026-03-04,,monthly,9.99,organic
s_0001341,u_002880,2026-03-04,,monthly,9.99,organic
s_0001342,u_002881,2026-02-28,,annual,99.0,organic
s_0001343,u_002882,2026-03-02,,monthly,9.99,organic
s_0001344,u_002885,2026-03-01,,monthly,9.99,social
s_0001345,u_002886,2026-03-06,,annual,99.0,promo
s_0001346,u_002888,2026-03-07,,monthly,9.99,promo
s_0001347,u_002889,2026-03-10,,annual,99.0,social
s_0001348,u_002891,2026-03-07,,annual,99.0,referral
s_0001349,u_002894,2026-03-05,,annual,99.0,promo
s_0001350,u_002897,2026-03-24,,monthly,9.99,promo
s_0001351,u_002898,2026-03-07,,monthly,9.99,promo
s_0001352,u_002901,2026-03-13,,monthly,9.99,referral
s_0001353,u_002902,2026-03-05,,monthly,9.99,social
s_0001354,u_002904,2026-03-10,,monthly,9.99,social
s_0001355,u_002905,2026-03-11,,monthly,9.99,social
s_0001356,u_002907,2026-03-08,,monthly,9.99,email
s_0001357,u_002908,2026-03-17,,monthly,9.99,social
s_0001358,u_002909,2026-03-08,,monthly,9.99,promo
s_0001359,u_002913,2026-03-10,,annual,99.0,promo
s_0001360,u_002914,2026-03-13,,monthly,9.99,organic
s_0001361,u_002917,2026-03-18,,annual,99.0,promo
s_0001362,u_002918,2026-03-18,,annual,99.0,promo
s_0001363,u_002920,2026-03-15,,monthly,9.99,social
s_0001364,u_002921,2026-03-31,,monthly,9.99,organic
s_0001365,u_002923,2026-03-12,,annual,99.0,promo
s_0001366,u_002924,2026-03-15,,monthly,9.99,email
s_0001367,u_002925,2026-03-12,,monthly,9.99,promo
s_0001368,u_002926,2026-03-20,,monthly,9.99,email
s_0001369,u_002929,2026-03-21,,monthly,9.99,promo
s_0001370,u_002930,2026-03-19,,monthly,9.99,promo
s_0001371,u_002931,2026-03-15,,annual,99.0,social
s_0001372,u_002932,2026-03-19,,monthly,9.99,social
s_0001373,u_002933,2026-03-19,,annual,99.0,promo
s_0001374,u_002934,2026-03-12,,annual,99.0,referral
s_0001375,u_002935,2026-03-20,,monthly,9.99,promo
s_0001376,u_002937,2026-03-14,,monthly,9.99,promo
s_0001377,u_002939,2026-03-13,,annual,99.0,social
s_0001378,u_002940,2026-03-22,,annual,99.0,referral
s_0001379,u_002942,2026-03-18,,annual,99.0,promo
s_0001380,u_002943,2026-03-22,,monthly,9.99,promo
s_0001381,u_002944,2026-03-21,,monthly,9.99,promo
s_0001382,u_002946,2026-03-17,,annual,99.0,referral
s_0001383,u_002947,2026-03-19,,monthly,9.99,promo
s_0001384,u_002949,2026-03-23,,monthly,9.99,promo
s_0001385,u_002951,2026-03-19,,monthly,9.99,promo
s_0001386,u_002952,2026-03-18,,monthly,9.99,promo
s_0001387,u_002953,2026-03-26,,monthly,9.99,organic
s_0001388,u_002955,2026-03-19,,monthly,9.99,referral
s_0001389,u_002956,2026-03-25,,monthly,9.99,organic
s_0001390,u_002957,2026-03-18,,monthly,9.99,email
s_0001391,u_002959,2026-03-25,,monthly,9.99,promo
s_0001392,u_002960,2026-03-18,,monthly,9.99,social
s_0001393,u_002961,2026-03-31,,monthly,9.99,referral
s_0001394,u_002962,2026-03-19,,monthly,9.99,promo
s_0001395,u_002965,2026-03-20,,monthly,9.99,email
s_0001396,u_002967,2026-03-21,,monthly,9.99,promo
s_0001397,u_002968,2026-03-25,,monthly,9.99,referral
s_0001398,u_002970,2026-03-30,,annual,99.0,promo
s_0001399,u_002982,2026-03-31,,annual,99.0,promo
s_0001400,u_002983,2026-03-31,,annual,99.0,organic
s_0001401,u_002993,2026-03-28,,monthly,9.99,promo
s_0001402,u_002995,2026-03-30,,monthly,9.99,social
